os_id_anonimo,data_abertura,data_fechamento,tempo_resolucao_horas,tipo_atendimento_id,produto_id,defeito_constatado_id
OS21c39c8f3ce5ff807013f828370bc942,2022-01-04,2022-01-05,36.5,252,414204.0,28640
OSfc3df18270af68f564e46a0875481ce7,2023-01-09,2023-01-09,15.383333333333333,272,1756526.0,33748
OSdfba5288c7ef04d0d29bae1b11967729,2024-05-13,2024-05-19,163.75694444444443,252,415054.0,28649
OSaae4612df2b8a24985b5c95fafe9aebb,2024-03-20,2024-03-27,183.5525,272,612838.0,33748
OS1cf0ca3b484d009cf0b360acacba6e3d,2023-05-12,2023-05-15,86.75,252,414394.0,26814
OS7a74288d3351e79184ed6dec94cedada,2022-05-03,2022-05-07,108.91666666666666,252,414973.0,26859
OSfa606774eb9007698de40585d2273de3,2022-10-11,2022-10-11,15.166666666666666,252,728973.0,28649
OS6ab55d53bd8b92e27d61c5a076aabfbc,2023-11-17,2023-11-18,38.666666666666664,252,415158.0,41386
OS23ee4c1c4ef0ffe69f174fe30ca9d38e,2022-01-06,2022-01-06,12.583333333333332,252,415042.0,28640
OSe0afaaed0ec2ead8335e04676afc2cb9,2022-05-02,2022-05-03,36.5,252,414204.0,26845
OS31540fdb5391ec7ca7d7ebf909670699,2024-10-17,2024-10-21,110.42,273,1959033.0,27708
OS96598213d3ad009e2db9e3acfa8718e2,2022-04-12,2022-04-13,35.33333333333333,252,414968.0,28640
OS0a12ee7e324274ee8b6e4bcff07d7004,2022-02-28,2022-03-07,168.0,252,415090.0,28640
OSa63ef064da88772edfae112bc1767235,2023-08-24,2023-08-26,56.5,273,1723578.0,26843
OSbfbec26dcbfb80dbb18d5f341dab1c3e,2023-03-06,2023-03-06,9.966666666666665,272,729706.0,33748
OS7356d921c5b8caa13429892b25514d5a,2023-05-17,2023-05-23,153.5,273,1725841.0,27709
OSc84e514910a9d21629c42370f5b30ba9,2024-09-09,2024-09-09,15.186944444444444,252,415070.0,28640
OS0316d79f720874ba3ef7764df94f5370,2022-09-21,2022-09-21,13.166666666666666,273,1730940.0,33716
OS15e6fe0654631073d9ea5b245b6f03dc,2022-02-09,2022-02-09,18.083333333333332,252,414968.0,28640
OS3a4665051b76b110cd2e4fe88bcc0d10,2024-05-01,2024-05-02,37.11611111111111,252,414204.0,41386
OS066f142b6cefe88df28263a36a6e215c,2024-04-03,2024-04-04,45.32527777777778,252,415087.0,28640
OS6577c9588d20b7cd176d009c30c1f73f,2022-12-07,2022-12-08,37.416666666666664,252,725103.0,28640
OSc2b559a15d416e294bf40b6e0c199217,2023-01-16,2023-01-18,61.18805555555556,252,414204.0,26858
OSe57985612fe71d2b92040ea6e28b66c4,2024-08-06,2024-08-13,182.43305555555557,252,414968.0,26816
OSdf402ab24771ee19294ec95e718ebf78,2023-12-04,2023-12-06,58.316944444444445,252,414204.0,41388
OSc9bd2fc7a2c3adcf32c54648e88cd76f,2022-10-22,2022-10-23,35.18333333333333,252,414204.0,28640
OS37edc06981e8c4e92819d76a0eff95e4,2024-10-25,2024-10-28,89.84305555555555,252,414204.0,26843
OSaaba8dc73ce23e40143432514c6c23b3,2023-02-07,2023-02-07,9.766666666666666,272,1756541.0,33748
OSdd6f238b720ef083400d0f05e1a47750,2024-02-26,2024-02-27,39.576388888888886,272,1900563.0,33748
OS95a3e6f693bdbf85bfabcb99cc4f1596,2022-07-11,2022-07-12,34.5,252,414110.0,28640
OSc94443dbe78ad7a10ca880d8866c5729,2024-10-01,2024-10-02,38.48361111111111,252,1935900.0,28640
OSa8600233f2eef742f966562433beb354,2022-05-19,2022-05-24,134.0,252,414204.0,26845
OS7c26f6834088633dfb4c6e22136ae535,2023-09-22,2023-09-22,15.083333333333332,252,415179.0,26843
OS63e6d546c02f44d3905038430951ce91,2023-03-28,2023-03-29,34.33333333333333,252,414968.0,28640
OS2548e2ca3bbcf30946b724d9ccb11fcd,2024-05-13,2024-05-16,85.0313888888889,252,2135444.0,41399
OSd33f11301f20b36afe41b511d64acf4f,2022-12-28,2022-12-29,35.18333333333333,252,414204.0,28640
OS223d747ab6f30cc06988f680a757de3a,2024-09-27,2024-09-27,16.639166666666664,252,1894615.0,41401
OS2ee640ccd547d0d52ffcfe11a0a4e014,2022-10-28,2022-10-29,40.166666666666664,252,415042.0,28640
OSb5ff1c1897039949221dcea5949f16b6,2022-12-14,2022-12-15,24.0,273,1910920.0,33734
OSf8f5768ec9dacaf8660d115c730f25fd,2024-02-06,2024-02-08,58.37555555555556,252,414204.0,26830
OSde3ce7b4348ddba014bc96cbfffa66b6,2022-08-27,2022-08-30,88.0,252,414864.0,28640
OS96d77d3761ce776eb7f9613de3a66ae0,2023-01-26,2023-01-27,35.0,252,414204.0,28640
OS834be9f76ea67a2cb444df759980e0af,2024-06-03,2024-06-03,17.638055555555557,252,716372.0,41384
OS866f53d806249345d0b2ca1ac68ab3e9,2023-06-14,2023-06-14,10.333333333333332,272,1756541.0,33748
OSd71ba0b0c3ab041c34b5cccba601497e,2023-11-28,2023-11-29,40.5,252,415070.0,41401
OSfc51b26355dcdda8df5a9a52c76f0d3a,2023-05-02,2023-05-03,38.0,252,414204.0,28640
OS18aba0caf8e19ec3977a80bee651319e,2024-07-23,2024-07-24,33.885555555555555,272,729706.0,33748
OSdbed10989c2032d7525d238634519d91,2024-04-26,2024-04-29,83.38111111111111,252,415179.0,41397
OS97774eebd433f05e25bb72b7c1c3488d,2022-01-31,2022-02-01,34.5,252,415179.0,26844
OS0d4c7f85970e6ac5db95a1b109daf524,2023-10-26,2023-11-12,431.6833333333333,272,1756526.0,33748
OS5d426ff6996fc53c4748cdd2578c7dc2,2024-08-14,2024-08-19,137.5,252,415087.0,28640
OSa0176bf0f2acc43f86f494f283eb7ae2,2024-02-19,2024-02-26,184.88361111111112,273,592597.0,26861
OS33ea58e2f26df8ca293625185f3cd2ab,2024-11-21,2024-11-21,17.99138888888889,252,414968.0,26858
OSd901afba2b9caf56e0444c5573a002de,2024-08-14,2024-08-19,129.1313888888889,252,414968.0,28640
OS8456c0ca018ec2142782b86c314b91ce,2023-07-06,2023-07-06,22.5,252,414099.0,26816
OS010b0ea0dc69e5f14a8f192810b863cb,2024-09-11,2024-09-13,60.034166666666664,252,415087.0,28640
OSe8514902c52c337eb78bd1974fa18f38,2024-07-04,2024-07-05,37.860833333333325,252,632065.0,28640
OSe0b0208e102deac9886d7ba998965db1,2023-06-13,2023-06-14,39.25,252,414377.0,28640
OSfb9231a89da2289a09824903b36c8839,2023-11-04,2023-11-06,67.0,252,414239.0,26858
OS01d4073e7e62bffc39ca87b51db0f6b6,2024-09-20,2024-10-02,298.46416666666664,272,1756541.0,33748
OS9067ffc07c9548c84ebd8b0296f4bf22,2024-09-13,2024-10-07,590.1333333333333,252,414883.0,28640
OS26ad191cbc0dd162073016e49c1fd2e9,2023-03-14,2023-03-15,36.05055555555556,252,414239.0,26843
OSf4cde10133a08bafc1e8b170080395b2,2022-10-11,2022-10-18,168.0,252,414204.0,26843
OS8a473c2fd01e18f9158ec70076c8fef0,2022-08-30,2022-08-31,39.666666666666664,252,414204.0,28640
OS86d4087b910d80d08534811c7a67915d,2024-03-27,2024-03-28,37.52388888888889,252,415070.0,28640
OS2d88796f78511f106a6519c0a3532c7f,2023-08-05,2023-08-08,88.0,252,751141.0,28640
OS667de7ff743dca4eb4f7342307d23e5f,2022-09-21,2022-09-22,34.0,273,1725830.0,27708
OSa838cb7396b970f215f95d2de1c62db9,2024-04-09,2024-04-23,351.99222222222227,273,1732549.0,27708
OS4996c8a35f6d6ce2963e202aa81eec85,2024-06-25,2024-06-26,34.83833333333333,252,414833.0,28640
OSc7b8c9389054f1f7d93c75b094f249ef,2022-12-15,2022-12-16,35.0,252,415168.0,26816
OS5ade8af98b17186de10ae472a86830ea,2023-07-25,2023-07-26,41.45194444444445,252,414204.0,26848
OS52c2fbcba80ac3452a63682e5c31186d,2024-02-05,2024-02-06,35.435,252,415054.0,26830
OSad61bcf56a05de39979076c4c6918416,2024-08-13,2024-08-14,37.955,252,651935.0,28640
OS17e5dfe79fe34387a39042c47d15d458,2023-11-25,2023-11-28,80.08333333333333,273,1959022.0,27708
OS387a32948654b1dc073734e85b8a5f80,2023-10-17,2023-10-18,35.0,252,414239.0,28640
OS8bea4ccb69f64f0c8f1847f7a2bfdd0b,2022-01-17,2022-01-17,11.666666666666666,252,414268.0,28638
OSb8915fb312cdf6bd3798db3bfc884196,2024-12-24,2024-12-30,161.02,252,716372.0,26823
OS748c5f91fe69c2a030a17b6ed78ee6d0,2024-01-13,2024-01-15,63.38166666666666,252,414394.0,28640
OS63b2e16145dc9a85a17492984347cb02,2024-11-19,2024-11-23,105.0,252,415168.0,41381
OS9edfd7746e1c04019c097528041edfce,2024-04-08,2024-04-09,47.61527777777778,252,632065.0,28646
OS645db50d8ddc49b318d37acde1990de4,2022-09-30,2022-10-01,35.18333333333333,252,415070.0,28640
OSed6f54b47e14454d6a598c82d5893f8d,2022-01-22,2022-02-01,251.5,252,414833.0,28640
OS5bcbec0faf8c7f8bf0000aa275100113,2023-09-11,2023-09-26,375.7333333333333,252,414968.0,28640
OSb55ab63339d62ca198a2bdfe077ac9dd,2023-01-25,2023-02-01,179.46666666666667,252,414736.0,26853
OSd86324984cb57eb43ea02736500e0632,2022-12-29,2023-01-02,111.66666666666666,252,414204.0,26853
OS1625d79c7afc7ac341cfb0dd4396bf49,2023-01-12,2023-01-12,21.0,252,415158.0,26858
OS40e2ab36adc8aa7b275b54846f48a535,2023-07-06,2023-07-06,9.766666666666666,272,1725843.0,26853
OS7752e5837918874713981ce11de32986,2024-08-02,2024-08-05,86.525,252,414204.0,41401
OSce020e5fd909a0f90812a426ff8a4cca,2024-07-29,2024-07-30,45.772222222222226,252,414968.0,41391
OS17e1a2ed85ab2cd7c851847d2e14b19b,2022-05-27,2022-05-30,85.66666666666666,252,414968.0,26853
OSd1a4cd5d64dd7c4a415643449718b230,2024-01-10,2024-01-18,209.85,252,414968.0,26858
OS904d0c6581868d2d00317b9bef341a5d,2024-11-16,2024-11-21,133.22138888888887,252,414486.0,41390
OS186dce9fee49c2c439bd1570004565c9,2024-06-18,2024-06-24,158.1,252,415070.0,28640
OSffdbc5e36466fa070f4b7ebcc8422e56,2022-06-09,2022-06-10,39.666666666666664,252,414204.0,26858
OSc1952aebedef67f133f5a2ee8c81b452,2024-09-04,2024-09-05,39.12861111111111,273,1723535.0,27708
OS1461f1b43cee5d547be526136beeaa00,2024-11-27,2024-11-28,36.56666666666666,252,415070.0,28640
OS8bf4d2188ed14c6adda04c75490b4d84,2024-12-23,2025-01-20,683.0,252,414204.0,41386
OS07b5fa985afe3baa4b4942a5193324ee,2024-01-09,2024-01-11,63.568888888888885,252,414204.0,26816
OS8e94bea1e6b7c9f962887735732caa51,2022-01-11,2022-01-11,15.166666666666666,252,415184.0,28640
OS38f002bd527ec7a854ee79756ad52a0f,2024-01-03,2024-01-26,568.8333333333333,273,413799.0,27241
OS5735386d58d8c5652e121c5beb771ea2,2023-09-04,2023-09-05,36.42,252,414099.0,40526
OSd84abea5a4e67e94123ea3f96dcf3514,2022-05-05,2022-05-06,37.5,252,415179.0,28640
OSfb6e2d0bca0bae7abafaf7f328b0dca6,2022-02-16,2022-02-20,119.66666666666666,252,414650.0,28640
OSdce3f920d4a0c08db9a7bf8d9750b560,2023-12-13,2023-12-14,40.0,252,1764095.0,41388
OS6ee8f3a4485561c77bc7c0fa105c10b4,2024-09-11,2024-09-11,15.679166666666665,252,415060.0,28640
OS60ca17708550ded8a3cb51add53c1b66,2024-11-22,2024-12-20,693.6372222222222,273,1959033.0,26858
OS0bb57684ff636706acb6a972a6bb974e,2023-09-14,2023-09-14,18.273611111111112,252,414239.0,26814
OS61b2f1e5cf958028932cc1d0af627dc6,2024-12-09,2024-12-11,63.98166666666666,272,728965.0,33748
OSf109e13f290b92be5ec26d32ed192491,2023-11-30,2023-12-01,40.37416666666667,252,414888.0,28640
OS2dcd6fd3e3a4b784fed851b02620e371,2023-12-12,2023-12-18,157.0,273,1965471.0,27708
OSc1920122a1a46e000f2348c8c6ce4ce5,2024-06-14,2024-06-18,105.09083333333332,252,415179.0,28640
OS61b0b7e6a6d97cf198d10548163b0039,2023-08-15,2023-08-21,152.5,252,1965471.0,30686
OS9d9824ab92fed78bbd30e454f006e9a7,2024-08-13,2024-08-21,202.62166666666664,272,415193.0,33748
OSeb5aa410b035c7db062d9cf4af952b46,2023-07-26,2023-07-28,57.0,273,1728874.0,27708
OSc08f3f1a8e9a19d6bd228e771a9fbb7c,2023-01-06,2023-01-10,109.0,252,414239.0,26843
OS15c588a2efd3491d6b23a5ada5e94184,2024-03-11,2024-03-20,226.16666666666663,252,414968.0,26814
OSd070bc65db380e81b11fb9b284ae6950,2023-05-15,2023-05-16,35.0,252,632065.0,41401
OS30017970224418e2c93c8fbc2c317607,2024-07-08,2024-07-11,85.4261111111111,272,1756526.0,33748
OS6fd8d92f3e6d790719f6f7ee46f280e5,2023-06-27,2023-06-27,18.058333333333334,252,414239.0,28638
OS6a35f9b64ee0afb2bd0ab65f9ebdb1ea,2022-06-13,2022-06-14,34.166666666666664,252,414204.0,28640
OSfbcc4ac8647503e0c7324f3f0afd34b9,2024-07-19,2024-07-23,104.18083333333333,273,1725828.0,33746
OSc1f0811438892b80065a797b3068c51b,2023-01-18,2023-01-19,33.0,252,415087.0,28640
OS9223de2c8c6a02b4348776a337ab3bf8,2022-07-11,2022-07-12,34.5,252,414394.0,41380
OS45c5c672831750fb235dc7ba6fa9daca,2022-02-15,2022-02-16,34.666666666666664,252,414968.0,41389
OS3432853cd1c89f3f75bb423ff6ccd974,2023-09-19,2023-09-20,40.0,252,414204.0,28640
OS284807461e67954f7a4c2d8765c2e71e,2024-06-17,2024-06-19,65.41833333333332,252,414204.0,28640
OS352e6b8eff5a963b83c873fb1432e3f4,2023-12-15,2023-12-18,82.5,252,414165.0,28640
OS8785266ecdb3270397adf085b0bcd293,2024-10-03,2024-10-04,38.13833333333333,252,414204.0,28640
OS4cbab48168b1179dca17ebaa4b3a2abd,2024-12-30,2025-01-03,113.79611111111112,273,1905442.0,27708
OSaed0cb95e8a82809c9770dfc5632400f,2024-09-10,2024-09-12,60.765,273,1729657.0,33766
OS899898a2578b91245c894799d95db58a,2022-10-22,2022-10-25,80.0,272,1729657.0,33748
OSf6caad6eba85760a939ebba9e222a3f3,2022-11-30,2022-11-30,19.5,273,592539.0,26858
OSfab3bb3f698072683b3aad3d7a6b269e,2024-01-19,2024-01-23,104.38111111111112,252,415158.0,28640
OSff32b15c72db308d0dc8036f59672c33,2024-11-28,2024-12-02,112.40638888888888,272,1756519.0,33748
OSde6806188833c5cca503f0059f24dc3c,2022-10-04,2022-10-05,38.0,252,719865.0,28640
OS007d67ffcd8f534fcb3da1efaf33d9d5,2023-12-15,2023-12-16,43.0,252,414413.0,26858
OS6268b27b08a3524e49b611d7964c7a89,2022-11-22,2022-11-23,39.33333333333333,252,415042.0,28638
OS8a02968692b8623534f5c09ae44b3bdb,2024-08-26,2024-08-28,62.40305555555556,252,415184.0,39555
OSe349456a07940f0e833a32553bffeff1,2024-05-02,2024-05-08,162.44194444444443,252,415179.0,29403
OScc6c3db021f4af84bbf98283d788b4a9,2024-03-05,2024-03-08,80.92972222222222,252,415179.0,28640
OS3a37b9e24406a3a3573d3fdedca5f3a9,2023-10-30,2023-10-31,37.83333333333333,252,415168.0,26858
OSf539dbc9525e6ed315b82891ec2d798f,2023-11-14,2023-11-21,182.5,252,414833.0,28640
OSee139693ec5aa4a326984d1a49bdd56f,2022-03-15,2022-04-19,852.5,252,415070.0,41382
OS7197f8bc49aeb9d9a638b08cd9136c97,2024-08-12,2024-08-29,424.47666666666663,252,415179.0,28640
OS936bb084bbde2e4fb421724f024ddf4d,2024-01-24,2024-01-25,39.02194444444445,273,1725841.0,27708
OSddffcc4bd0480320d24fca45bc7c9e4c,2023-12-20,2023-12-29,229.0,272,1725830.0,26853
OS221cfcb967f4e71ca2b837c685623b63,2022-03-24,2022-03-26,64.66666666666666,273,1725830.0,27708
OSba51d76bfae670affc821ba8ffd7b1d9,2023-04-10,2023-04-11,34.666666666666664,252,414659.0,28640
OS47cd53219124e6adf35517082711aad9,2023-11-20,2023-11-20,14.5,252,414204.0,28640
OSe9bb512fa9131777490f34d5a9917900,2024-11-07,2024-11-07,12.661388888888888,252,415060.0,41401
OSe6841f8f610819219e8a261dcc701b89,2023-08-11,2023-08-14,90.16666666666666,252,414098.0,28640
OSdc2a6220be0c339dba9c76ea9da2be6f,2023-10-18,2023-10-23,135.0,252,415168.0,28640
OS1606564194241a884c7e430c1d3ba9ae,2022-07-20,2022-07-21,39.666666666666664,252,750356.0,28640
OSd4166e59cf6ba3d92a203661f0f0cc60,2022-03-16,2022-03-17,37.5,252,414677.0,28640
OS45edcfb445e2801df2fce24ad9b9edf2,2024-07-29,2024-07-30,35.900555555555556,272,2138474.0,33748
OS10023c8d7714b2c8f4c9679493a4ab77,2022-12-09,2022-12-12,72.0,252,415179.0,28640
OS65801c4f0dfb5386a075b66cde4c4d7e,2022-01-03,2022-01-04,33.0,252,414968.0,28640
OS719e3366d2e326317b20ba25d1bc9a7b,2023-11-08,2023-11-09,42.0,252,414204.0,28640
OS885a8b0dbd3033bf2839dcd1fe740279,2024-11-20,2024-11-21,34.73638888888889,252,414968.0,41386
OSfebefab236ec0ca76150acebb3dd682d,2022-05-18,2022-05-19,38.666666666666664,252,415042.0,26848
OS521346395ce92b17c13f3b06a3484641,2023-08-24,2023-08-28,105.0,252,414833.0,28640
OS029f4b560f0d1d4e8f7dec26ed336523,2024-09-18,2024-09-20,61.861666666666665,252,686426.0,28640
OS43d86e1cb9f4d8055a8b25bfeca4d413,2022-06-24,2022-06-25,34.5,252,719865.0,28640
OSd8049e50c167a91da15346d1ecd6d51d,2022-11-30,2022-12-01,24.0,252,415087.0,28640
OSce4a9ea77e0d8d9c14d93a0af63e484c,2023-08-28,2023-08-29,43.0,252,415090.0,41381
OS62df677e9c467a4153babf13cdb8d315,2023-07-07,2023-07-08,34.0,252,414257.0,28640
OS356017a5652cacb6bca841acd3a3d9aa,2022-04-07,2022-04-13,162.75,252,414239.0,28640
OScdf2655f2a66dcd261672f77eb484d46,2023-01-25,2023-01-26,33.0,273,414034.0,26819
OS86d26e292277a842116ac79d86630278,2022-03-14,2022-03-15,39.666666666666664,252,414803.0,26853
OS517b55e29f6adefe54657dbebeb36cb7,2022-01-10,2022-01-11,31.5,252,414204.0,26820
OS833b15b641461c9820323352ccf8d727,2023-10-28,2023-11-05,204.0,252,414257.0,28640
OScedea9df72191ccb059b7acb8d5d7ba7,2023-12-07,2023-12-09,66.5,252,415184.0,26817
OS7dc030f9c64712b7cad6405ad786e17f,2024-08-12,2024-08-21,233.48944444444444,252,632065.0,28640
OSd891a967f18b2dcbaa0876c1050a01f6,2022-11-24,2022-11-25,32.416666666666664,272,729706.0,33748
OSd20f8ae7e5d88068719aa95a72076580,2022-07-27,2022-07-28,24.0,252,415070.0,28640
OS53be0d36c964447f74d45e0a4828d7d9,2022-02-02,2022-02-03,33.0,252,414552.0,26814
OS0af6eef2503b39fe5c94fe4b74b200a7,2022-05-26,2022-05-27,34.5,252,414337.0,26841
OS247cc52071170d879be66d13ba45870a,2023-08-08,2023-08-24,398.56666666666666,252,414968.0,26845
OS276c73df920808c8fda5bb06c2ab45f0,2024-11-28,2024-11-29,35.73777777777778,252,414677.0,28640
OS2abcef37126c390ae4ddab21ee683a72,2024-03-08,2024-03-12,109.57722222222222,252,415070.0,26852
OS7ed3647cd2d02b6d69104ea79c454b06,2024-04-22,2024-04-24,60.27027777777778,252,414204.0,26858
OS10568ed20222e2aba6167996f55f166d,2023-10-20,2023-10-25,142.1,252,415086.0,28640
OS7e0c71ebbbc0b5550246563126920abf,2023-05-19,2023-05-24,136.0,252,414279.0,41401
OS819bfcdbe076394297cfa9d79eed5f14,2022-03-24,2022-03-28,113.0,252,415087.0,41381
OS5d08b4b10a5ec87210a0a537aec3edb3,2022-08-22,2022-08-23,34.5,252,414394.0,26814
OSfa3a6db4d27616207393240eac3f059c,2024-02-16,2024-02-19,88.47722222222222,252,414204.0,28640
OSb98cfe8d5d2b34d760278c21cf310e77,2022-08-01,2022-08-02,34.5,252,414314.0,28640
OS4caaceb393c3310843c46a95b015d494,2024-01-12,2024-01-18,161.5088888888889,252,414968.0,26816
OSdd4c8ae5301868459b9f9fb5b03b129a,2024-09-07,2024-09-12,132.11666666666665,272,414394.0,33747
OS51c16633112271ddc5b4013d999471e7,2023-04-24,2023-04-25,36.0,252,415179.0,26842
OS78c428e7db5c023f23c9e1c93b2bb80c,2023-09-04,2023-09-05,41.11666666666667,272,1756510.0,33748
OSd4d16778f66aa286f676b8f6d5b0c759,2023-11-09,2023-11-13,106.01916666666666,273,1723578.0,26825
OS55ccf82026abb003f2a4e1eeff59c313,2024-08-16,2024-08-19,82.97944444444445,252,414118.0,28640
OS76ac456eee79c9a62b87f49b6c8880fc,2023-07-18,2023-07-20,58.0,252,414204.0,41386
OSc07f3df62fec862ede9563c5aadc980d,2024-05-10,2024-05-13,88.38222222222223,252,2138683.0,28640
OS9bf79482edff699dbb70e7610da37922,2022-07-08,2022-07-09,33.75,252,414968.0,28640
OS7bfc2c1ec7c170d51fc802d1e930e714,2023-02-06,2023-02-07,34.5,252,414257.0,28640
OSc716eee4dd5c794ccddc7c88fc0052f6,2022-03-17,2022-03-22,136.0,252,414650.0,41386
OSfd5b5b61499c0e8924c54c85183b18bc,2024-02-29,2024-02-29,16.66111111111111,272,1725855.0,26853
OSd807b6a82bbcd61e868bf4fe0309ecfe,2024-05-10,2024-05-13,80.73833333333333,252,414239.0,28640
OSe9649ae4c27b43d92dcd41a39be2c1d1,2023-04-14,2023-04-21,181.5,252,415087.0,26842
OSd6c04855c3b2f6a936a9e48c15badd87,2022-03-17,2022-03-18,34.5,252,414279.0,26859
OSd3f3e1088acea98d6abc1abe58b47d5c,2024-12-27,2025-01-02,160.21166666666667,252,414204.0,26852
OSc467476c776ade1c4ac0ab1bec89783a,2024-01-25,2024-01-26,39.28583333333333,252,414204.0,26848
OSa4a9153e813a2ce10a993863aa92985d,2023-02-06,2023-02-08,59.666666666666664,252,414204.0,28640
OS0cfb97b4a1e2d579bbcf61111b6512a0,2023-10-20,2023-10-23,82.0,252,415060.0,28640
OS0ce2f3ded71314ca4e0f8bfc2d4b57c6,2023-02-15,2023-02-16,40.5,252,414204.0,28640
OS70c568eada5421232b335dfc9203ab75,2023-10-19,2023-10-19,8.516666666666666,272,415193.0,33748
OS940fd128f9fd84313221c22373ac5081,2022-08-11,2022-08-12,35.32555555555555,252,414239.0,28640
OSa351d727f84ddcd0f0395eb944830147,2024-01-20,2024-01-22,62.97083333333333,273,1965471.0,27708
OS8302b4076fd81a0b997167a4f242bb56,2024-12-27,2024-12-30,81.86611111111111,252,616928.0,28640
OS4bef6e94c85a15b395880293da151409,2022-05-18,2022-05-18,10.833333333333332,252,415168.0,28640
OS0224cb5d406b656458317a95c3ea8311,2023-01-27,2023-01-27,16.05,272,1756541.0,33748
OSf33ce5a1123c372d040fb33e89c5e739,2022-09-27,2022-09-29,66.0,273,413901.0,27708
OSf2cba066603e230270a612d9975918c1,2024-03-22,2024-03-25,80.91722222222222,252,414968.0,26845
OS6f53ad7811aa0ebc0011d57fece7dfcc,2023-11-21,2023-11-22,33.11666666666667,252,414204.0,30699
OS17222d4a5686e6edafbadfd2e9b36d35,2024-10-22,2024-10-28,165.71888888888887,252,415087.0,28640
OS764d23dc48bfe686dc643692223e57ec,2022-09-16,2022-09-16,21.0,252,414968.0,28640
OS764288c298529ba009d5217fd430ead3,2023-04-24,2023-04-24,17.03333333333333,272,1756541.0,33748
OSe463e2fff3e7a15a0c8fe90fd875f0ea,2023-12-14,2023-12-14,16.333333333333332,272,751158.0,33748
OS668fa320c0a642be71417e8cb283d5a5,2023-11-29,2023-11-29,15.5,252,414239.0,28640
OS80321e0f7727d5c35607c81394216343,2022-06-01,2022-06-02,34.5,252,414204.0,28640
OSd06d806455c62b3e83840c1a88d54908,2024-07-30,2024-07-30,11.7575,272,415193.0,33748
OS5ec64a4e9ad284ab18573fba80a3926b,2024-05-30,2024-06-05,156.68527777777777,252,414204.0,28640
OSf1672e254ac6d57471e9371da2898414,2022-03-08,2022-03-09,32.166666666666664,273,1725830.0,27708
OSce6eca7b632a075eae3b8f9f377b34a4,2023-10-02,2023-10-04,56.0,252,414122.0,28640
OSb83cb649286d759d467304f067cc30c9,2023-08-30,2023-08-31,34.5,252,1725859.0,28640
OS5eb9b8fa726df29eb4952dc6851bc034,2024-08-26,2024-09-06,278.81777777777774,252,414204.0,26848
OSe1d78336a380e338200f129dee89e570,2022-11-08,2022-11-09,31.366666666666664,272,1729657.0,33748
OS446505b79206b36ccfcabafbfc0c5750,2024-11-12,2024-11-14,67.26138888888889,252,414257.0,28640
OS18e3194f842d347165d29cfe80ed0288,2023-01-30,2023-01-31,41.5,252,414204.0,26841
OS6bcf7b06696e726f78696daff994ba0a,2022-11-17,2022-11-17,16.9,272,1756517.0,33748
OS6fd560e651a0a4a45e7e2792f0a149d9,2024-04-23,2024-04-28,130.91444444444443,252,414968.0,28640
OS88bc2ccf59ffc4c3f83500fdb2f370f7,2023-04-10,2023-04-10,14.5,252,414571.0,26814
OS4457ff55e33efde1ab3e967e0628129b,2022-07-09,2022-07-12,84.0,252,414110.0,28640
OS0300230db974fa61664f137ecbedb8dc,2023-04-27,2023-04-28,40.0,252,414377.0,28640
OSce80ac6cd2e1f5c68e89143563384497,2023-03-20,2023-03-21,39.016666666666666,252,415070.0,26845
OSf659c504a6a3b2803246dad69e25e170,2024-03-23,2024-04-17,612.0452777777778,273,1718271.0,27708
OS2ddb790b9856070c21334a7d9c183f87,2022-11-23,2022-11-24,35.18333333333333,252,414204.0,28640
OSaa5b0de06b968eef68c0f1026f906b5c,2024-02-20,2024-02-22,63.50138888888889,252,414204.0,28640
OS8e26fd178ca2fedfe11c96980c58f3b3,2023-08-30,2023-08-31,37.166666666666664,252,1725859.0,26830
OS3acbe57c4ebf4f78f3582b2157a0ff36,2022-11-23,2022-11-24,35.18333333333333,252,414888.0,26817
OS4653b15871813d134f1c5224dbedc62d,2024-06-13,2024-06-15,61.46861111111111,252,415184.0,28640
OS2268a2c9ef8384a8603c3cb9da68da5d,2024-02-15,2024-02-19,108.41666666666666,273,1730940.0,28640
OSb1686701f1b260de1e3c2aca1d3f1a0c,2022-03-15,2022-03-16,40.5,252,415179.0,28640
OSf1a917f8f145092a71ad9c4477d47051,2024-04-10,2024-04-14,110.7525,252,414204.0,41386
OS397a5c60b3cc221d4f91b78189a899bb,2024-04-18,2024-04-24,156.0,252,414758.0,26845
OSc5923d4ff43636bad60eb9733c694563,2024-09-19,2024-09-20,39.24,252,414833.0,28638
OSd758affbe33687171a6ef2649d29e65e,2023-07-31,2023-08-02,59.94694444444445,252,414204.0,28640
OSb0bd01b48369c53a41abdf991e2201db,2024-10-30,2024-11-04,137.73805555555555,252,414833.0,28640
OS8f61c62c535d24903127e7735be89acd,2024-11-27,2024-11-27,14.325277777777776,252,630423.0,27273
OS2402443c138eaed857948da30f949b0c,2022-02-22,2022-02-23,33.5,252,414204.0,39346
OS3d828354315132fa13e06e73c16369d3,2024-01-04,2024-01-05,34.0325,273,587287.0,27708
OSf0911de64f83b4e974de11a6c1d77ffe,2024-04-24,2024-04-28,110.64694444444444,252,415184.0,28640
OSf472c9c8c23d9e7ba20a53958673a0b9,2023-07-21,2023-07-25,114.0,252,415070.0,26825
OS648c9bc14c16a49ef4b7c890d32a1622,2023-11-24,2023-12-01,176.0,252,414936.0,28640
OS73233859b9acd9f76d4e6c4a8e6262d3,2024-04-24,2024-05-02,203.44805555555556,252,414204.0,28640
OScb9758a28025c7c098c5c6dd3a02b6e9,2023-03-21,2023-03-21,10.65,272,415184.0,33748
OS27515d0c12818dc575a581955e59beb8,2023-10-26,2023-10-26,15.183333333333332,272,729706.0,33748
OSebbf3bb348da269c5b197271c0fbfab9,2022-03-07,2022-03-08,34.0,252,414968.0,26858
OS7f77deb817eecd3c3cd32c048ef3c6ae,2023-03-25,2023-03-28,82.16666666666666,252,414204.0,28640
OSd2508c135e24cca68efd51d93df0e8fa,2024-03-14,2024-03-29,374.91666666666663,252,414204.0,28640
OSac2810be3e4a37198cea0030033e4cb5,2024-11-19,2024-11-21,66.06916666666666,252,414968.0,28640
OSb4cbc9dc573b42651741bf716a3d9b1f,2022-12-26,2022-12-26,21.0,252,414968.0,26859
OS1a4ac572d10a7a895805d089c3d6e16a,2023-09-18,2023-09-20,61.0,252,414204.0,26859
OS0378ed400c7bfb66a74e392afe93ebad,2022-12-20,2022-12-21,33.5,273,1725828.0,33751
OSbc8103c8a9dc3f9b11dc0f0938e31c1c,2022-07-18,2022-07-18,14.016666666666666,272,414394.0,33748
OSec2212f5f4e823fd01481c15a087832f,2023-01-10,2023-01-11,32.5,252,414204.0,26830
OS1baabc6a4d1cca514c71b1086aa3908e,2022-03-01,2022-03-14,326.35,272,415022.0,33748
OS62f9e643aa5ab29defae3963be54e82b,2023-12-27,2023-12-27,18.75,252,414670.0,28640
OS111dcaafae363240a9f12aea4d2c2e34,2024-05-28,2024-05-28,14.766944444444444,252,414765.0,28640
OS8bdb90747a0bf3257e643cda51cbc175,2023-10-16,2023-10-17,34.08333333333333,252,414394.0,28640
OS1a08ab781dba81f50c96e7ac3804a047,2023-10-26,2023-10-30,105.5,273,1725828.0,27709
OSfbd0541bc44ecaf438a81422427a205c,2024-11-11,2024-11-14,82.575,252,414800.0,26857
OS192bdecd683d1c848570a8b00a635ec5,2023-03-31,2023-04-01,33.416666666666664,252,414394.0,28640
OS84c61e5a75543e7a21d56dfd7f448240,2022-07-15,2022-07-21,162.0,252,415179.0,41386
OSf950874105fc95e4f81c475afb13149b,2023-12-28,2023-12-29,38.0,252,415179.0,28640
OS62e75ce5ca4189da2770ad636f42eb57,2024-05-23,2024-05-28,136.99388888888888,252,414204.0,41391
OS861ef28a1af2462a44bae2f5efe9a10a,2023-08-31,2023-09-02,63.5,252,415070.0,28640
OS6259f8d5da7297298152dea8dd12248c,2023-07-04,2023-07-05,35.0,273,1725828.0,27708
OScee2614517fbb8f78c18a1038547b1bb,2023-08-15,2023-10-04,1208.8333333333333,252,1965471.0,30686
OSb986f3ec23d54272eeb54acbc2a06cf2,2024-12-26,2024-12-28,61.35527777777778,252,415184.0,28640
OS1935b28fa8b0f567e279c761b75f0988,2022-01-26,2022-01-31,136.66666666666666,252,415179.0,26830
OS8863888b3e0c1c970bff619ab408378d,2022-03-14,2022-03-18,117.5,252,414204.0,28640
OSf3af7e90109c320095b685d71e1bba3a,2023-12-12,2023-12-13,33.08333333333333,252,414204.0,28640
OS0d3d786add9182b968dfa5938207b08b,2022-04-19,2022-04-20,38.58333333333333,252,414833.0,28638
OS7916464b208ae75183f702b716944758,2023-12-21,2023-12-24,88.08333333333333,252,415179.0,28640
OS520c757741879cee5661963b1704b000,2023-05-03,2023-05-04,39.0,252,728973.0,28640
OS282c461edef9b689fd3e556194cd2415,2022-12-13,2022-12-13,17.508055555555558,252,414936.0,26820
OSde6a129139f5c401028a4c09ae003675,2022-10-11,2022-10-13,57.5,273,1729657.0,27708
OSca846fd20d47b30bd7d893bab059ed4a,2023-01-02,2023-01-02,15.183333333333332,272,1756541.0,33748
OS5da3b0e2f02efea2f0b58ef51e3bf6ab,2023-01-12,2023-01-12,8.833333333333332,273,592612.0,27708
OSdbe02dfa3ccbadeaa19d6e99b4448d86,2023-04-13,2023-04-14,34.5,252,414359.0,26843
OS381e27505443fbfb6b7159ed767fac6e,2024-08-19,2024-08-21,63.0,252,414279.0,30693
OS5a15cb617ad2fd79d039b3af275b58cb,2022-10-31,2022-10-31,14.5,252,414257.0,28640
OS805b9593f8e8c9effc3a9520950c0702,2024-02-27,2024-04-24,1384.1166666666666,252,414215.0,26853
OS1d445fe5f19be5a1257c4f840575eb17,2022-09-29,2022-09-30,31.5,272,1725841.0,26853
OS7b17a727d1334a4e979c926553dcc785,2024-05-23,2024-06-13,519.2377777777778,252,1851208.0,28640
OS4eb713e006775479e2d295e1126a2f6b,2022-10-15,2022-10-17,60.33333333333333,252,414968.0,28640
OSd65d502092868c7537c3cf2fe5e20ad6,2022-12-13,2022-12-14,40.83333333333333,252,415087.0,28648
OSf3424a7148d81d1175e06a6d284df8b1,2023-09-23,2023-09-23,22.0,252,414968.0,41386
OS65a6ac84b67a51bcadbd3d8347b822f2,2024-02-05,2024-02-07,70.05888888888889,252,415070.0,28640
OSa4c4fd604cc3696b964a343499f43379,2024-06-06,2024-06-14,201.5858333333333,252,728973.0,26858
OS6b212a6fa287cff6c1b039e62d9dc435,2022-05-12,2022-05-18,144.0,252,414204.0,28640
OS24929461b217b84d8a4f4da14e7b7727,2024-08-08,2024-08-09,36.02472222222222,273,1723578.0,27708
OS372a0fe48f597452de77730d695154ba,2023-10-11,2023-10-19,209.0,272,1756541.0,33748
OS0c8082cfe3d4069806cde1d7217f1cc0,2024-10-30,2024-11-01,62.41361111111111,252,415184.0,28640
OS58258971fe42e2fb5ebd554a3d1442b5,2023-03-28,2023-04-29,778.0,273,1738004.0,26859
OS8ee493a50e5bbce5c238fb3d92ef9972,2023-03-08,2023-03-08,12.766666666666666,272,414722.0,33748
OSfe0078467ab7f21e2d70e90f9aa3f76d,2023-02-08,2023-02-08,21.0,252,414968.0,28640
OSf66ac32ecf405ca6e817588cec601616,2023-11-06,2023-11-07,34.416666666666664,252,414204.0,28640
OS444279f2a4a132e965f45fb4dadcd4cd,2022-11-28,2022-11-29,34.5,252,414204.0,28640
OS2853f985a2e8e22b0e3822e36d152c3c,2023-06-19,2023-06-20,32.83333333333333,252,414300.0,28640
OSbde7bf28302b4be48e1be937d09b1a19,2024-11-12,2024-11-13,33.221666666666664,252,414239.0,28640
OS2e43d852495d5b4bc3af2dfeb21af7a3,2023-06-01,2023-06-02,38.5,252,728973.0,28640
OS82b099fff341346cbeae431acc0fc73b,2024-08-06,2024-08-06,19.781111111111112,252,725103.0,26855
OS40c0d07925e6f09e34b0e59e3fb43789,2023-10-30,2023-10-31,41.29888888888889,252,414204.0,28640
OS4d9156415075067ffce98213a81417de,2022-08-17,2022-08-18,35.18333333333333,252,414204.0,28640
OS7ae79aefc9877da24faacdeaa06d3e0c,2024-03-20,2024-03-25,131.46,252,414394.0,28640
OS0391a60ff570d38e4427b77311e11633,2024-12-30,2025-01-03,112.95694444444445,252,414204.0,26816
OS237fc8454d01f5c6a5a448600fe07fd2,2022-08-16,2022-08-17,35.18333333333333,252,414204.0,41390
OS233eced40cc2ff5210bcb917ea6742cf,2023-05-15,2023-05-16,31.5,252,414204.0,28640
OS06a0c3e90ce39adc09f4c271f413778a,2024-11-01,2024-11-05,108.32944444444443,252,415086.0,26814
OS2c391a3ddf5e80e81619644e0a8a5cc5,2023-08-10,2023-08-11,37.266666666666666,252,,26858
OS2cab12b6f47c9f91ed59aec53095d372,2024-09-06,2024-09-18,299.02666666666664,273,2138256.0,33771
OS3f61a5d5b65826544d831b98238dc02a,2024-02-02,2024-02-05,85.55722222222222,252,414833.0,26858
OSc7cf9581a0d6b5c6bc5422f5394e3842,2022-12-17,2022-12-18,34.5,252,414204.0,28640
OSc08f3f1a8e9a19d6bd228e771a9fbb7c,2023-01-06,2023-01-10,109.0,252,414239.0,41381
OSbdf2f996e24f27919fe70f3742664ab6,2022-02-11,2022-02-14,86.5,252,414239.0,28640
OSa4f828a0008bb5bb6351b2d3fad1dabf,2023-11-27,2023-11-29,61.0,252,414239.0,26859
OS2f49aaa093fd36dbdb822c6d4cafbc7d,2023-02-17,2023-02-20,87.5,252,414268.0,28640
OS2305c3f2c26e207261e9eeeaa4e6e5ed,2023-10-23,2023-10-24,41.0,252,414758.0,28640
OS2cd3be2d11e91c7fef81ad5d8ca1d1f7,2022-08-31,2022-09-01,34.5,252,415179.0,28640
OSb4331206b8e7d82be117d70169b6df4a,2023-03-20,2023-03-21,38.75,252,414204.0,28640
OSa60071c10a9b33bce0aed85ade84d33c,2023-01-16,2023-01-17,34.5,252,414968.0,26858
OS246af0e9f743556df899289a2a87f75c,2023-10-24,2023-10-25,35.5,252,414204.0,26814
OScc8b1708e328f33e4f3f1ee778ae9f83,2024-06-11,2024-06-12,45.1075,252,2138683.0,30698
OSde1c6f49497ac478d157abdfed9a264a,2022-04-19,2022-04-20,34.5,252,414670.0,26858
OSc6740196bab15c087366324b14e51818,2022-12-19,2022-12-21,62.5,273,592612.0,26858
OS80787db638a0355b8268cb23ac066f27,2024-03-21,2024-03-25,107.33944444444444,252,1935900.0,26843
OSee64f55820c5f8153edcea438ac32b90,2024-10-01,2024-10-02,37.040833333333325,252,592614.0,28640
OS2161fdde581e3375b734e5f3f35d5dc7,2024-01-12,2024-01-15,86.67805555555555,252,415111.0,28640
OSa891853c4c362de4eeb0306e77d5dabb,2024-08-12,2024-08-14,63.83638888888889,252,414204.0,28640
OSf547c459b630df355129873166d5f4ac,2023-05-31,2023-06-01,32.08333333333333,252,414204.0,28640
OS18e2438810e5725cc49485f6862130c0,2023-11-06,2023-11-06,22.0,252,414394.0,26858
OSb3e60b96de60f4fe09c10f73161cb634,2022-12-23,2022-12-24,35.18333333333333,252,414239.0,28640
OS15927049b70435402964652c51653528,2022-11-10,2022-11-11,34.166666666666664,252,415168.0,26843
OSbbd291b1a8e17372d668e67248ea1aec,2022-04-05,2022-04-19,350.51666666666665,272,414968.0,33748
OSfebe6c32fd31c3e726d6b147ca96e1bd,2024-11-12,2024-11-18,158.08416666666665,252,414968.0,26852
OS5776672313ef1b628fa85d78d0a7488b,2024-04-01,2024-04-15,349.8461111111111,272,1756541.0,33748
OS5f1625bf8c101b5fc84c5f3e7a626331,2024-12-03,2025-01-21,1194.3897222222222,252,414157.0,28640
OS4c78ca9ebef385fbfb75e98dd6087796,2024-01-18,2024-01-24,157.42666666666665,252,414239.0,26844
OSde6dc34c5a01ffa569eaf9bc3df894b1,2022-10-20,2022-10-21,33.5,273,1725828.0,33706
OS11075a2dd1c3633845e74dbc282edaa1,2023-11-22,2023-11-25,85.5,252,414204.0,26858
OSb2233b2d229c4e702778a7326ae16dbb,2024-09-26,2024-10-02,161.96777777777777,252,415184.0,28640
OSa444fe22d738872a0c4dc4df36464947,2022-09-19,2022-09-20,24.0,252,414204.0,26843
OS35c354f10a5c947bd53e518a886682ef,2022-08-12,2022-08-17,120.0,252,414134.0,28640
OSb1b68bfc35ac83e5c3d776bbef428152,2023-03-16,2023-03-17,40.5,252,414833.0,28640
OS9fb39d198376a0796875e8a3b86f889c,2023-11-10,2023-11-14,108.41666666666666,252,414677.0,28640
OS62b8a3f73ed0dbd61a3b11410b0a7d23,2024-10-23,2024-10-24,34.98166666666666,252,414413.0,28640
OSc231e30c055e0a1d853a7387264610f0,2022-01-11,2022-01-18,183.5,252,414677.0,28640
OSe7405e21868e670267fadd3c71e0991f,2022-02-15,2022-02-17,60.5,252,415070.0,26816
OS2aff16454521200d49541ee7e7fa205a,2023-12-05,2023-12-06,39.55,252,414204.0,26814
OSf79c88da229caa66f33bd0e8c518f866,2022-10-24,2022-10-25,35.166666666666664,252,414300.0,28640
OS3e72d3520806cb22109e3ada02fc652a,2022-01-10,2022-01-10,19.0,252,414968.0,26814
OS19f8a2303a413470a368d3ae045ace1c,2024-04-15,2024-04-15,15.352222222222222,252,415179.0,26823
OSea0478a26f13768f5c590be167f2b697,2024-08-30,2024-09-03,111.79694444444443,272,1756541.0,33748
OS0b925fa142c922505bff9c18b4917cab,2023-02-28,2023-02-28,13.35,252,415184.0,26814
OS744adf29917a0fc7421e716128001245,2022-06-07,2022-06-08,24.0,252,415168.0,28640
OSe23cab0d12ecf6c8fc47ff6260f02c36,2023-04-06,2023-04-10,110.33333333333331,252,414204.0,28640
OS033f4303453fce8ea97c0e2c2c470a60,2024-05-16,2024-05-24,205.54416666666663,252,632065.0,28640
OS4a82673b7afc473c059b35d551aae078,2022-03-22,2022-03-25,82.25,252,414279.0,26816
OS7c3a007c31016107c250e32c8e642aae,2022-11-12,2022-11-13,35.18333333333333,252,720532.0,41401
OSbd5a73cca1b70a8f0604cc2fb63e6811,2023-12-15,2023-12-20,138.0,252,414204.0,28640
OSc096bde91549e8f6934613939d28bd1c,2024-08-02,2024-08-14,304.3911111111111,252,414486.0,41394
OS811f9ca32be2435285138511649424cc,2024-10-22,2024-10-29,182.62,273,2078370.0,27708
OS668d56450cc033e278f6092edff4b3a4,2023-12-13,2023-12-16,85.08333333333333,252,414464.0,26853
OSd9453b7d061bad305a20d1fc301660a1,2023-11-13,2023-11-13,12.5,252,414204.0,28640
OSa7767dd6bde2a5d92862b61de3f4c7a2,2022-04-05,2022-04-11,156.5,252,414204.0,26853
OS02e74c2bca409fea8f08b4cd5b694fa4,2022-11-30,2022-12-07,183.76666666666665,272,1756871.0,33748
OSed283c543cb63defcac514321ca81168,2023-07-18,2023-07-19,33.0,252,414735.0,26861
OS54a4b06af1116009f1012b3038208340,2024-11-26,2024-12-03,187.64277777777775,252,414204.0,28640
OSb15ac2fbc2e2c228eb880ca8ff2ab7b3,2024-12-12,2025-01-23,1015.3205555555556,273,1959033.0,26843
OS9cf38e19d0f890781aaed6abbe6722aa,2024-07-29,2024-07-30,38.4375,252,414968.0,26848
OS4b4e86cd45280b4acb786c9900d5007b,2024-02-05,2024-02-06,40.132777777777775,252,414204.0,28640
OS96cdbeafe124b4cfd91e9f91e683b9ac,2023-12-12,2023-12-26,353.2833333333333,272,1725846.0,26853
OS75a2579d6e9cef9d9f20adb34b8732f8,2024-10-25,2024-11-06,297.8963888888889,252,415070.0,26819
OSa0b88daaa833ce1a177fae2e7e88ea37,2023-02-01,2023-02-03,61.0,252,415168.0,28640
OS804b8084e09e36b4e17302a22ebd9ae2,2022-02-15,2022-02-25,252.25,272,414968.0,33748
OS476b5a993d1153258af7bda32584a24c,2022-11-17,2022-11-17,10.666666666666666,272,414147.0,33748
OSa7e423ec482d9022b8d626c8cf6b384e,2024-03-16,2024-03-21,136.98694444444445,252,414204.0,26848
OS31c6c546e8f839b7c033fe484178004a,2022-05-11,2022-05-26,369.7333333333333,252,414519.0,27257
OS54f04d3b49fa63fb20e5b762ff5dbdf8,2022-03-30,2022-04-01,64.33333333333333,252,414798.0,28640
OS233ea665082cf8d17a9adefb962ac8c9,2024-02-10,2024-02-13,86.02333333333333,252,414381.0,28640
OSc216c822e3846ff578fb256b9ea532f8,2024-09-04,2024-09-06,59.72555555555556,252,415070.0,28640
OS26feaaa15d64977cd20d058d04ff7d1b,2023-01-04,2023-01-04,21.0,252,686426.0,26814
OS744fde171cc2bf0dfecab810d3cfa68c,2024-08-08,2024-09-10,802.0,252,414204.0,28640
OSe34711bfb7073371550c8cbe6c0ef8b1,2024-05-27,2024-06-11,380.555,252,414204.0,28640
OSa22ed2024834b960fdaa1bdfeedd4273,2022-10-21,2022-10-22,35.18333333333333,252,415060.0,41391
OS83d3f9e73a45f696c6f788988c425921,2024-07-16,2024-07-24,202.76722222222224,273,1959022.0,27708
OS2d59aeec45d3465e513c5a9d2fc70a7e,2023-01-12,2023-01-13,39.53333333333333,252,414368.0,41381
OS0d1e8babcf91d15f97698ff1e1ff2159,2024-04-03,2024-04-05,58.55111111111111,252,414968.0,28640
OS43a384f793a54ce5b9add5a1f01e0463,2022-09-20,2022-09-21,38.166666666666664,252,414798.0,28640
OS1170aa0ce2d6d4ac709f2dac8d3b1d94,2024-04-17,2024-04-25,202.79694444444445,252,414204.0,26861
OS2e2342c37599a328c7a65f6d3dc7bb74,2022-07-19,2022-07-20,33.5,273,1725846.0,33706
OS63f4f6b420c9b551eb7959772390e355,2024-09-26,2024-10-01,129.4225,252,414204.0,28638
OS4e4e5d39e1e4ca665faf6c458b6683cb,2022-02-16,2022-02-21,132.4333333333333,272,729706.0,33748
OSfc4ff591b20be47f237d3b8ff19d4915,2024-05-21,2024-05-29,200.4261111111111,252,414204.0,28640
OSb880f9c79aea825c1f7dedc18f8acd98,2022-05-24,2022-05-25,38.0,252,414650.0,26842
OS9dbfad3ce82469db3f74a8efb5447f7e,2023-01-10,2023-01-11,38.0,252,414215.0,26845
OS3c03f5380081c12afe590f433c31aa1c,2022-01-14,2022-01-19,133.0,252,414833.0,41391
OS261cb80e01a220d06266de3bc4f7781b,2024-08-17,2024-08-28,274.51666666666665,272,1725828.0,33748
OSab978a8bfd31c96bf03d0d413600b760,2022-10-10,2022-10-11,24.0,252,414377.0,28640
OSf2cc2e2e6056b3d9d3da80b176a1fabb,2023-06-22,2023-06-23,33.0,252,414968.0,28640
OS1f5e06cd9a3f7d1ae3026a40ff3b8dc7,2023-02-18,2023-03-01,278.5,252,415193.0,26858
OSd57319cf2c31f4f1f3dd2881c5bf942c,2022-10-04,2022-10-05,35.5,252,415181.0,28640
OS33cb5df0ec849156408362ea514bf729,2022-03-24,2022-03-25,42.75,252,414204.0,26861
OSe56f000714b6f02b02d968927e08755d,2023-11-13,2023-11-14,34.0,273,630423.0,27028
OScc44d8893ada5f848aa0b82135ebde8b,2024-01-30,2024-01-31,37.95666666666666,252,414968.0,28640
OS3693e279fcfebf22d3a9990450a10c15,2023-01-24,2023-01-25,37.666666666666664,252,414204.0,41386
OS7d6b7144364ea6da2f1db5a1bd64743b,2024-03-12,2024-03-13,36.05916666666666,252,414204.0,26814
OS7a54dd9f42f266d58a0e8670c6b96774,2023-12-29,2024-01-02,104.0,252,414204.0,28640
OS60c20fd05559253289ee87e4e1a6118a,2024-05-21,2024-05-29,210.5883333333333,252,415070.0,26845
OS203f8dfb57d73716fc9e40805d1f3803,2023-03-29,2023-03-31,64.66666666666666,252,414968.0,28640
OS27bceb2bacd6bb8563ba4f7674f8de85,2024-08-23,2024-08-29,163.20166666666665,252,414204.0,28640
OS58723b29d798c8d4b7fc4cf4b56a9da1,2023-10-02,2023-10-03,36.0,252,415070.0,28640
OSc14338e4b266e6c07d8878c08c5f0f4e,2023-02-09,2023-02-11,60.91861111111111,252,414257.0,28640
OSb5c2957ec0f8e63f2626d922a0038bf3,2023-09-01,2023-09-05,106.5,252,414204.0,26858
OS83a34123190e4118b40f128679022470,2022-10-07,2022-10-07,18.5,252,415168.0,28640
OSb8882f2c3b43162f80b4bc7307fea0a2,2024-02-02,2024-02-16,346.23861111111114,252,414394.0,26859
OSd6940c2276cc4c0f9c792ad63bb50d01,2023-05-08,2023-05-15,178.0,252,414394.0,28640
OS3808468dd611ca5f05e2b9a53680e725,2024-02-24,2024-02-26,59.30694444444445,252,1764094.0,30699
OS2d799480af2a4bdaff43b70f581f2ce3,2022-06-14,2022-06-14,14.166666666666666,252,414314.0,28640
OS593d53ee6c3d1e6880c0661b216eb402,2023-05-08,2023-05-09,34.5,252,414268.0,28640
OS5a8c18edeb132a7d326329ebc121ee62,2022-05-02,2022-05-03,32.75,252,414279.0,26848
OS7df84c6b7f19d31a2b028497b95a7cac,2022-01-05,2022-01-05,17.333333333333332,252,415158.0,26848
OS66054df21a4ed29868d7b7c7891eadbe,2022-12-26,2022-12-26,12.0,252,414968.0,28640
OSf6ed6709b0d125d0b231d4816d1283da,2023-09-28,2023-10-03,138.0,252,415087.0,26843
OS9920ffb8ca99f116ceacaa0b69e48490,2024-05-29,2024-06-01,83.38527777777777,273,2138453.0,27708
OS856ef7774627915f973dd29070ccb276,2024-05-20,2024-05-20,11.532222222222222,252,414377.0,28640
OS2d949b429f99e36f78b54e77a050f6d5,2023-11-29,2023-12-01,56.33333333333333,252,414204.0,26848
OS26669dd4db5a3be3ab6821be461e10e0,2024-10-30,2024-11-03,115.73388888888888,273,1959033.0,28649
OS8adf7d6d6038bdbed8cfcedfedac93b8,2024-06-13,2024-06-20,184.995,272,414263.0,33748
OSa6b047a59409ec9ce211d1ee65e73dbe,2022-12-06,2022-12-07,40.5,273,592597.0,27708
OSc1351dd4ce8f389812e63eaed16f7493,2024-03-01,2024-03-04,86.24194444444444,252,414215.0,26845
OSdc33dcd7e0da35ddfe6b04a578d3c336,2024-10-04,2024-10-07,82.21055555555556,252,414677.0,28640
OS29be60ff26c4a6bedcf2945d4ceb0ef3,2022-09-24,2022-09-25,35.416666666666664,252,414968.0,28640
OS84ee7e931d17b9a9eee68359a1185006,2023-05-24,2023-05-27,91.0,252,414968.0,26825
OS92fd6e9f218d7b719e44b812de6996cc,2024-04-11,2024-05-07,636.3608333333333,252,2100094.0,26830
OS49cd585b44deb1b0809e78efd9780ffb,2024-01-22,2024-01-25,89.2486111111111,252,414381.0,41386
OS63978a5d974c90a0cd2a992f783b474f,2023-06-09,2023-06-12,81.5,273,1725845.0,27709
OSba675003c2949b7debdcf3603ac3d775,2023-02-28,2023-03-01,33.5,273,1725842.0,41392
OSb8a1258d73350ce922c695297897bde3,2024-07-16,2024-07-18,63.36972222222222,252,414204.0,28640
OS6eba735a6a599363189fba5bf650fca2,2023-06-06,2023-06-07,39.5,252,414279.0,41401
OS4548f1cebfeb3065c1d60126e7098990,2022-02-09,2022-02-10,35.166666666666664,252,415179.0,26816
OScafa6cb841dd7b121b8fa13de6e81809,2023-05-17,2023-05-18,36.0,252,414735.0,26844
OSba51c21ae803c641e5ccaa48724587e7,2022-08-04,2022-08-05,33.5,273,1725828.0,33766
OS239cb18890f9180b446f7d323f06298a,2023-06-27,2023-06-28,38.83333333333333,252,414204.0,28640
OS6f61857bd0e8a22e521eb0c626127d24,2022-12-10,2022-12-12,57.0,252,414677.0,28640
OS3d0cd9342e03e78f1174b6e0544b9e63,2022-05-18,2022-05-19,38.666666666666664,252,414239.0,28640
OS8f2b387403a9392474319f6e563464d1,2024-10-29,2024-11-16,435.5005555555556,252,414204.0,28640
OS74c264c4024e503e9dd1d009e19551f7,2022-05-26,2022-05-27,34.666666666666664,252,414204.0,26816
OS0cf745dc45a043777ccc48947f8231b3,2024-06-04,2024-06-04,11.0,252,1965471.0,27273
OS6de48fd1b8d2cb171c9370f55d76ebb7,2024-05-15,2024-05-15,11.448333333333332,272,1756537.0,33748
OS0fcb001fb32a4078e7c860db550fdd1e,2024-05-09,2024-05-13,107.29611111111112,252,415070.0,28640
OS19fe818e3e7283bb8beb21663d3ee83c,2024-08-09,2024-08-10,40.28638888888889,252,414677.0,28640
OSadb89c40db46661ffe4a4145d864f2e3,2023-08-30,2023-08-31,35.83333333333333,252,414833.0,28640
OSa8fb7a5672c7f0a33293dea8ea6b2d38,2024-09-25,2024-09-30,138.58083333333332,252,415168.0,41381
OSba99ac8b18f52f86786a6036efac8655,2023-03-07,2023-03-08,38.25,252,414204.0,26848
OScecb23e759d7c6898e16bcec7c0195b1,2022-04-26,2022-04-27,40.0,252,414122.0,28640
OS438e235056c675122b55ba21e82a59d4,2024-08-30,2024-09-10,272.1025,252,2145424.0,28640
OSed60de97e71eae48d6a2cdc3f8a3e805,2022-07-19,2022-07-22,86.0,252,414883.0,41386
OS5fdccc10ccac7862e04e31e9e0e554da,2024-01-12,2024-01-12,12.276388888888889,272,415193.0,33748
OS29c9a7bcb3d1d5cc4e25d570cbb9cdf4,2022-08-13,2022-08-15,56.75,252,414204.0,26843
OSebda44ee87d313401af5f48baec5d075,2024-03-21,2024-04-13,569.0041666666666,252,686426.0,26814
OSeebb5cb6aaa46ae76faeaaf8a51a1cb7,2022-09-28,2022-10-04,151.51666666666665,272,415193.0,33748
OSaf8764f342094ff97c388c21617b5a81,2024-05-28,2024-05-28,17.384444444444444,272,1935900.0,33748
OSef155f0404cba1f08a9a3cad5dc5d892,2023-11-10,2023-11-10,17.583333333333332,272,414263.0,33748
OS009d881c7ad1345d63f0866e7f0708e7,2023-03-24,2023-03-24,13.666666666666666,252,415179.0,26858
OSc47ba5f7a53337f6936d8eecdb4a28ac,2022-12-26,2023-01-06,273.0,252,414204.0,28640
OS16f3952f5af252162c89a5d54564a2a4,2024-02-27,2024-02-27,17.895833333333332,252,414204.0,28640
OS06a2a5339deddf6ffcb2f708532f0c30,2023-11-10,2023-11-20,258.0,252,414413.0,26814
OS9301e8c702b27514576e383707099a67,2023-06-22,2023-06-22,16.466666666666665,252,414968.0,28640
OS77489c3903c5001ec34d8d53fdcf4e69,2022-06-29,2022-07-05,161.75,252,414968.0,28640
OS8f960bcee01c99b7b7fcdc77aefb68ea,2022-04-13,2022-04-14,40.0,252,415042.0,26857
OS198b0be2e94002f5fed7488b2cbe89b6,2023-05-30,2023-06-02,82.63333333333333,252,414204.0,26858
OS9e6e14dbf3d02d72d10d65a4ae71c162,2023-01-11,2023-01-12,37.5,252,415179.0,26821
OS39cf32ea27fcf0bb50270e2ef08fd94e,2022-06-08,2022-06-09,24.0,252,415111.0,28640
OSd27d40cb90217e828654b27e30ffa5e2,2023-08-02,2023-08-04,59.0,252,414122.0,26845
OS283c85a7af846fc14b4adf7bdee4fce2,2024-02-14,2024-02-15,40.09111111111111,252,414204.0,26861
OS188f6ad38df475047b0f83d8c4b1206f,2023-03-01,2023-03-02,35.0,273,1729657.0,27708
OS1fe680e3a2efca1ec7b1971ec9f98dc1,2022-09-14,2022-09-17,93.0,252,414968.0,28640
OSca7e1ddf800a706075c9aa6bd3ec2482,2023-12-14,2023-12-19,135.0,252,415070.0,26859
OS8500f253b2bf55a5e06b4eae82f1fd11,2022-12-06,2022-12-07,37.666666666666664,252,414968.0,26861
OS616621bb091a5919eea64a4704fb456c,2023-07-19,2023-07-19,16.916666666666664,252,415070.0,26843
OSff2bed0f523296cc9965dfc527d60125,2024-11-19,2024-11-23,108.0,252,414317.0,26823
OS26ef68ba8485cf84941d207b288b88eb,2023-05-15,2023-05-16,39.0,252,414377.0,26830
OS14b7548390a98cc9f4c58ee5012e2b6f,2024-04-16,2024-04-18,60.79333333333333,252,632065.0,28640
OSe6fba33dba3db15bc9df2b775f326a8f,2023-03-10,2023-03-11,31.5,252,415184.0,26843
OSede7a94bc817b82e881433ab74b78c3a,2023-10-23,2023-11-07,373.01666666666665,273,750391.0,27708
OS969f970bdd5ffcbf0bd67a242f6dc031,2023-08-25,2023-08-29,106.0,252,725103.0,28640
OSb2f2a3bc8642326d6b042074d51a2f3e,2023-12-04,2023-12-06,60.166666666666664,252,415070.0,26814
OS115d1736188db97cf196d3db51eb59c3,2024-04-29,2024-05-13,351.3333333333333,252,414337.0,26853
OSc85b399777c01d34008869c9130a0517,2022-06-02,2022-06-06,105.0,252,414739.0,28640
OS0252a335267a1ff7bfdb3f04ceeb4f88,2022-09-01,2022-09-02,33.5,273,1725828.0,26853
OS538c125824569e596da43bb72a58fe25,2022-04-21,2022-04-25,104.0,272,1725844.0,33748
OS849d50f6edac6063e023a02fde570171,2022-02-09,2022-02-10,38.58333333333333,252,414133.0,26843
OS7c049396961e41e104788ba261fd58d9,2022-03-23,2022-03-25,63.5,252,414204.0,41391
OS4eea7b91ee0a6897979e33377d7d58b7,2024-05-16,2024-07-10,1334.7980555555555,272,1725828.0,33748
OSda57cecf21001c7fc15cc2b2cf2f26e7,2023-08-30,2023-09-21,541.7166666666666,252,415070.0,26859
OSc675b0df86e4d7661a63301c905cbffe,2022-09-13,2022-09-14,38.5,252,414204.0,41381
OSf9ebad2209f283efe94f12ad9a6ffabf,2023-11-09,2023-11-14,135.0475,252,414204.0,41382
OS192f3fa4e5bebbe4eec3c7f33e5b54be,2023-10-07,2023-10-26,464.5,252,414279.0,41401
OSbf467ddc2121d09a20b60d67204d70a8,2024-05-22,2024-05-23,33.83833333333333,252,414204.0,26858
OS7cae7dc15315bfaa759d3ed9615ca84b,2022-11-24,2022-11-25,36.0,252,415070.0,28640
OSd16f5e46b61122b491cd4236e6fec136,2024-12-05,2024-12-06,32.965555555555554,252,1730758.0,28640
OSbc1defabe65a6ebbd16f7723df84b793,2022-09-05,2022-09-06,34.5,252,415070.0,26821
OS5b463dfc082ac7bb4cab048a1acdafe8,2023-02-27,2023-02-28,34.666666666666664,252,728973.0,28640
OS8f8f69c03f5727ca19b8eb4b1841b983,2022-10-20,2022-10-30,247.33333333333331,272,1725845.0,33748
OSf71e60a7e8c696295499545566cdfe91,2022-05-24,2022-05-25,38.0,252,414736.0,28640
OS5d8ddea0f159e661e4ee78d5f08c7607,2023-12-18,2023-12-19,35.33333333333333,252,414204.0,41384
OS81f32f827113e9edb57a1276a3fd7bde,2022-03-15,2022-03-19,107.8,252,414204.0,28640
OS6156d7452936185e8ea7dc189e480b34,2023-05-11,2023-05-11,14.633333333333333,272,1756526.0,33748
OSa1b93be97d6c99fd27fa31a0cc7f4b05,2022-11-01,2022-11-02,34.5,252,414968.0,28640
OSa1cc03da93264b30a3bf4d32766f7c7a,2024-09-04,2024-09-09,135.015,252,414580.0,28640
OS6a6110ae4039ce0eb951ec4561c95ce8,2024-06-20,2024-07-09,473.8088888888889,252,414204.0,28640
OS08cf50e2b149096ba1aada4d02937100,2023-03-14,2023-03-14,14.333333333333332,273,749590.0,27708
OS2d43cead5751fbdeefa4742ff3c6260a,2024-07-12,2024-07-17,133.37694444444443,252,414204.0,26858
OSd7646465f164aaaccc3921f8880c17b5,2023-06-07,2023-06-13,158.56972222222223,252,414968.0,28640
OS7bab57997ec2be8f0056ab6ecf78cec8,2022-12-19,2022-12-20,34.166666666666664,252,414204.0,28640
OS2cf07e40fd918e33c09aecd19408c036,2022-01-24,2022-01-24,23.666666666666664,252,415060.0,28640
OS322c817eb43c9ee1172b0295d5de97b5,2022-06-09,2022-06-10,34.5,252,414973.0,28640
OSa51a13d210bc47536e141232195becff,2024-01-24,2024-01-26,62.945277777777775,252,414204.0,28640
OS5f012143d55b1f3298fd91040a2dabd0,2023-02-02,2023-02-03,35.166666666666664,252,415168.0,26845
OS45ff98076721b5e37149fb58aba57a80,2022-11-24,2022-11-28,106.63333333333333,272,1902000.0,33748
OS4e5433d0affc2392e7f8a0ad21ec3bbf,2024-11-26,2024-11-28,64.3475,252,587224.0,28640
OSb8e14107449bb25ef79b73947d432e77,2022-12-17,2022-12-17,21.0,252,414268.0,26826
OS0ca53449a4de3d16ee055977f449d63e,2024-08-26,2024-09-25,736.8561111111111,252,1958996.0,41394
OS574029d33eb84afeebba54e51525414c,2022-02-07,2022-02-08,38.93333333333333,252,414204.0,26845
OSe7600e6e970e98c6650955ed50a8078d,2024-02-02,2024-02-05,85.4213888888889,252,414204.0,26843
OS1abf3b61ce8f169229dc9bb36f9414ae,2022-10-31,2022-11-01,31.833333333333332,252,415087.0,26857
OS216a7cdacc5b6dfe3507ec54de4e3647,2023-01-30,2023-01-31,41.31666666666666,252,414758.0,28643
OS0acf53480775f2d41c78158f17d04b5d,2023-07-03,2023-07-04,39.75,252,414204.0,28640
OS97579906aa3c57b5087e539a1b9ba29a,2023-12-11,2023-12-12,33.5,252,414833.0,26830
OSdebcfda18d0c1dd1537beae5f056bd6f,2022-09-15,2022-09-16,39.633333333333326,252,414968.0,28640
OSd0d8bd75e550d0f0ec7a732bac0f5c76,2023-08-24,2023-08-25,34.666666666666664,273,749590.0,41396
OSe2f6da00895c9cde6d2db12330854300,2024-02-15,2024-02-16,36.0,252,414118.0,26814
OSd30a3be6d1c9722e012a056b9e298d86,2023-09-21,2023-09-26,129.0,273,1935627.0,26853
OS22a435211f3b1991ea888f54a9e60794,2022-07-28,2022-07-29,35.08333333333333,273,1725836.0,27708
OSc3d9492132dd4b1497ed5c2729df6696,2022-09-02,2022-09-05,88.25,252,415111.0,28640
OSff0d3088d4281f8d1be464b845b86cf1,2022-01-04,2022-01-05,34.0,252,414204.0,26830
OS3c8699c5367f5c8ce822eec1abc2e85d,2022-09-22,2022-09-23,42.75,252,414394.0,28640
OS025a6a93e8a3cdc22634720ca77208d1,2022-02-09,2022-02-10,34.33333333333333,252,414337.0,26858
OSdc8b8660e3ee71f9f2d54355c3cf8cf8,2024-06-17,2024-06-18,42.751666666666665,252,414864.0,26855
OS5033fb9875603f5408a92840f0113dd7,2024-04-12,2024-04-17,132.0,252,414377.0,26852
OSe59a5d07e0ac6f2a8e19b8566003d666,2022-07-07,2022-07-13,152.75,272,414279.0,33748
OS6c047dded1bf621d563aa96346f3317e,2023-05-02,2023-05-02,14.0,252,414239.0,28640
OS8c89140e85a83984ea966fb0cff01eb7,2023-09-14,2023-09-15,40.666666666666664,252,686426.0,28640
OS63a45beef4ed97d6e111d9d196406d45,2023-02-11,2023-02-17,159.5,252,414677.0,28640
OSb8b52cf3cfdb4e3b20815359f7a5e0f2,2024-10-10,2024-10-25,380.4436111111111,252,592538.0,28640
OSb6d176b355244321282dec136fcf39fc,2022-02-22,2022-02-24,69.0,252,415070.0,28640
OS7e5173b13b49c39c26fea0567cb74f07,2024-12-26,2025-01-23,684.0,277,2203350.0,59411
OSf2d92c4b107a8dba2f288b1ac6fcebf4,2023-12-08,2023-12-14,155.33333333333331,273,1965471.0,26827
OS5b3868d574a5cf6ac7ecac016a06d192,2023-04-12,2023-04-13,36.0,252,1935900.0,28640
OS0f5845341a689bc0547def36f773b531,2024-05-13,2024-05-20,182.44055555555556,252,414200.0,28640
OS38a2ef8da86fa1f7cad314f97d00efaa,2024-08-09,2024-08-12,91.02805555555555,252,716372.0,28640
OSd2249bfcd37292d98f2ec8fa7cc13bc4,2022-11-18,2022-11-21,84.36666666666666,272,1725840.0,26853
OSd5c56b144e15d09ebda96bd3eb3b2dee,2022-09-21,2022-09-22,38.166666666666664,252,415184.0,28640
OSf2cb4c9b6a499afbaf745be4adbef7ca,2024-06-10,2024-06-11,38.71055555555556,252,414968.0,26860
OSf37146d4be1e89f5ac1d5c28e90c92b8,2024-01-10,2024-01-11,40.881388888888885,252,414204.0,26814
OS29b866ed5d11c4e307f19c9b59b06d1b,2022-02-17,2022-02-17,16.9,272,414110.0,33748
OS278c2708822efc31dd7c8bcae2877892,2024-12-04,2024-12-05,41.40972222222222,252,415060.0,26814
OSc0f9035e916bd402c519a67e803a444c,2023-05-02,2023-05-03,37.416666666666664,252,414968.0,28648
OSad4ea00c1e7a80878b4bd2ff63ddc518,2024-04-09,2024-04-17,201.6161111111111,273,1688583.0,26823
OS33d0cda7c7f48b25552dc1c1ce8919b0,2024-05-24,2024-05-27,83.51055555555556,252,414394.0,28640
OS26a30650f43a69270e23ead0acb031cc,2022-12-14,2022-12-14,21.0,252,414968.0,41386
OS304a2c675831b20fb54f520e3162b081,2023-04-14,2023-04-14,16.966666666666665,272,1756515.0,33748
OS9ea0aa787404b16569fb84e8abc29ba5,2023-12-07,2023-12-07,14.404166666666667,252,414543.0,28640
OSeb70cf562e28bcad19fbc534615628bd,2022-08-09,2022-08-10,40.0,252,612838.0,26820
OS57f22eaf4093619936c0d1443fc47aa4,2024-11-19,2024-11-21,49.2575,252,1730759.0,28640
OSb8d0ef6ae0eb9d878975b8c3b8586a66,2023-11-08,2023-11-09,38.0,252,414204.0,26859
OSeded5427ddaaeaa75fd1a392b757387c,2024-08-02,2024-08-16,352.43888888888887,252,414204.0,28640
OS7f95e7de55e03c2571010c6fe5153cb2,2023-04-10,2023-04-11,37.0,252,728973.0,28640
OS79e4154ccab109a032fbd5a1e6961a51,2023-01-23,2023-01-24,34.0,273,813144.0,27708
OS12834658f8045c6458c46c9fd29c3ce2,2024-03-19,2024-03-23,103.88833333333332,273,1965471.0,33755
OScfc4ef12d8330147e7b5f658ec61b73e,2022-11-14,2022-11-16,61.166666666666664,273,756800.0,26858
OS42bd2b8121fb16554359596c551325d6,2024-09-04,2024-09-05,35.54,252,612838.0,28640
OS6941bd0c6768cd989a857c7d3d39bd55,2023-11-29,2023-12-05,154.0,252,414765.0,28640
OS748ad79f219f7d3f2bb14e19bcfd5e78,2024-11-26,2024-11-27,42.26861111111111,252,414944.0,28640
OSf793c62b73f74192ad6c14b6b06c1966,2024-07-02,2024-07-03,42.056666666666665,252,415090.0,28640
OSddc564378d66996c7f971034d14448b3,2024-06-11,2024-06-13,69.11666666666666,252,1934787.0,28640
OS1d343f0d835aeb9b985b54bf9fc885f9,2024-05-08,2024-05-09,31.736944444444443,252,414765.0,26843
OSf65f0566f9d19aca82be53b691238c9a,2022-06-10,2022-06-11,34.166666666666664,273,810393.0,26816
OSe5e76c14eb696780374c896fe05d6b85,2022-04-08,2022-04-12,113.25,252,414439.0,26860
OSad742c2adbadef0b584e581b01e5e1e0,2023-03-10,2023-03-10,15.5,252,414968.0,41401
OSfec34ba982c562e1617d32ff9194268e,2024-08-15,2024-09-08,596.5713888888889,273,1959028.0,26851
OS956e0f11372894302f6617d576eb4550,2024-12-10,2024-12-12,61.555833333333325,252,414439.0,28640
OS336c1e042c3bd8fed6a8b65498ce6189,2024-08-29,2024-09-05,184.91194444444443,252,415087.0,41389
OSb0780cce1a8c3fd1f77aa5cdebed8fd9,2024-05-13,2024-05-14,44.4,252,2133672.0,41391
OS88084fd71ff43423858a9fa30689cacd,2023-07-11,2023-07-12,34.0,252,414204.0,26814
OS19f581ee1a49a14cd7d4688f4baa0c27,2024-11-15,2024-11-22,187.75027777777777,273,1725841.0,33766
OS2207d08cb03d487a884a95173e03abe4,2024-02-29,2024-03-01,35.24611111111111,252,414204.0,26843
OS26256a3152e874e9fbbb74ddc3bdeab6,2023-08-01,2023-08-12,275.5,252,414800.0,28640
OS33477607a72a35febe5d81d91582ac50,2024-10-18,2024-10-18,14.931111111111113,252,414377.0,26842
OS58146176d1e779c3c7dee8a3395d39ed,2023-10-20,2023-10-21,41.416666666666664,252,414968.0,26845
OS5daea18e362c8c10f269b8eea166d2a5,2024-08-08,2024-08-12,109.91333333333333,273,1901363.0,26848
OSc37b34e6e9a49f78843da7011f4a6872,2024-08-07,2024-08-08,34.99527777777777,272,2156420.0,33748
OS9d7a42909774205f4724a59cc9d4d625,2022-10-19,2022-10-20,39.33333333333333,252,414204.0,26843
OS30f787c77a139177fe599a081c24f075,2024-05-13,2024-05-16,81.36555555555555,252,414204.0,28640
OS531fda028e5ec54240c1e15a218398bc,2024-04-18,2024-04-21,91.50694444444444,252,728969.0,26843
OS8c17ace04d046a347a62d73b6fcb87e5,2024-03-14,2024-03-14,14.662222222222223,252,415158.0,26814
OSddf3aac1e5c50d1edd6f87d50f50f15d,2023-03-01,2023-03-02,39.75,252,414377.0,28640
OS0bd33b83704ceb1aae61e4b0409bb1b0,2022-06-23,2022-06-24,40.0,252,414790.0,26858
OS71789d649e0e95041f9b0dee29799379,2024-12-17,2024-12-20,89.55194444444444,252,415087.0,28640
OS3e5bc263465bca3a96a4c1bed94510b1,2023-03-08,2023-03-09,42.0,252,415070.0,28640
OSe658f62820fa06e9177a77b7e3827865,2024-10-18,2024-11-12,608.5152777777778,273,1959021.0,27708
OSca1419a50ceeaf0c4fdaf5ae35fe9c9f,2022-09-19,2022-09-19,13.6,272,1756541.0,33748
OSc72a3bd1a6f52b826f3ac24c50bb7ec6,2024-10-28,2024-10-29,40.24638888888889,252,414394.0,28640
OS5eec88279b37a733d3a070da0e8908dd,2023-11-06,2023-11-07,33.8,252,414677.0,28640
OS74f74ad38eecae310b7d036a8cf849ee,2023-03-24,2023-03-24,17.166666666666664,272,1756541.0,33748
OS19e3d029127218a733fcce6134ea2548,2023-08-01,2023-08-03,62.35,252,414968.0,26843
OS472bf42a25732aca6c14d677251e8c47,2022-12-08,2022-12-13,131.23333333333332,272,729706.0,33748
OS05e4a223f47a8f353bbea5a5342fa6ec,2023-11-13,2023-11-16,87.16666666666666,252,414204.0,26814
OS1ab9fd4d120ca0ecf6d66c53e84ca98d,2024-08-30,2024-08-30,17.948055555555555,252,414204.0,28640
OS32f802098a00479d67729f3c519910bb,2024-05-06,2024-05-07,38.985833333333325,252,414204.0,26852
OS0993cb453647cac9548c38180eabbb63,2022-09-09,2022-09-10,34.33333333333333,252,415070.0,28640
OS7f8d5d5d32d126b8c14e4c8d73143bb3,2023-03-07,2023-03-07,15.066666666666666,252,414968.0,28640
OSac91934d7c39aff0dd7e0d25e33adb14,2023-07-19,2023-08-01,325.5,252,414204.0,26859
OS4c31cf50b055663691d03a3713db46d5,2023-03-17,2023-03-17,15.883333333333333,272,1725842.0,26853
OS05e745638faf53969138af777c4538a8,2022-10-24,2022-10-25,35.666666666666664,273,1723535.0,27708
OS633951ca15b88e8dcd735b6be42a9c4b,2022-10-18,2022-10-20,68.5,252,414215.0,28640
OS0de42e65b421feca6ff1268e66cedd12,2023-01-18,2023-01-19,32.5,252,414204.0,26858
OS3206b7529b9a2b7d4351733bb0fa8b42,2022-05-26,2022-05-27,34.233333333333334,252,414239.0,26859
OS61fd06c9569564ca3f10a3a23f2d2d81,2022-07-01,2022-07-05,109.25,252,415060.0,28640
OSf3b4f3936b357045e0def5389dec482f,2022-06-28,2022-07-04,153.5,273,1725828.0,27708
OS4c27729541aab348c7ba8ea7906c2650,2022-09-15,2022-09-21,154.5,252,414413.0,28640
OS62ec817babb9667ca05930f7a53dc743,2023-07-07,2023-07-10,83.18333333333332,252,414204.0,28640
OS2bca992be2f64483fa0ef71392c642fa,2022-05-10,2022-05-16,160.0,252,414736.0,28640
OS5dac158501db39b63ef95c8c2f723b17,2024-11-16,2024-11-18,65.8638888888889,273,1729120.0,26859
OS19ff3d6b39cbba5a535690908a0cd06b,2023-09-06,2023-09-06,16.0,252,414486.0,26859
OS96a97e9a6df2fed12e7b77e6e6c7f4d1,2022-12-02,2022-12-14,298.3833333333333,272,1725846.0,26853
OS08f0fc2beb25144cf6ce12548a73e3c4,2022-04-11,2022-04-13,62.916666666666664,252,414204.0,26848
OS9031aaab7ee82fac255a629407613187,2023-04-05,2023-04-06,39.25,252,415042.0,28640
OS28d0ba7a6759ae1ec5ffdd28dc30cd11,2023-05-19,2023-05-22,89.0,252,414790.0,26843
OSd6b47116cfd8f117f57265f9600ddbe3,2024-10-30,2024-10-30,17.851388888888888,272,1725845.0,33748
OSb9234ec882f27aeba11b7804d2ca9a45,2022-04-25,2022-04-26,35.666666666666664,252,414540.0,26830
OSefa338781077da036b1ccfaac9b9e120,2023-12-13,2023-12-20,178.0,252,414122.0,28640
OS5f4c2c2a37aac4243e6a36e9fdbef8a7,2022-08-22,2022-08-25,80.5,272,1767760.0,33748
OS474dcef36e38afaccb3842efceca3470,2024-03-02,2024-03-13,285.2052777777778,273,413689.0,26814
OScb66b2c717528942ac023af49ab3b14d,2023-08-19,2023-08-20,42.0,252,414215.0,28640
OS21c45fb21e1e8bd2768af3ca1d380db7,2024-01-26,2024-01-29,86.62333333333333,272,729706.0,33748
OS84be87b5b09e12047aaf5afbdc5203f5,2024-03-02,2024-03-07,136.15583333333333,252,414968.0,41386
OS2ccc67211b42fd82dc33a63d4307c92a,2022-03-11,2022-03-15,104.16666666666666,273,1725841.0,34118
OSffd31f0f56a460959852182c6b17b8dc,2022-06-20,2022-06-20,12.25,273,592597.0,26814
OS6833cb7b0a264927e1846fe28c1b0ba6,2023-01-23,2023-01-25,59.416666666666664,252,415179.0,26814
OS1aef38272878f9abcd99adace1049f25,2023-08-22,2023-08-28,159.16666666666666,272,1756526.0,33748
OSa63812a2f98bca4be65304362c049b5f,2022-03-21,2022-03-23,65.11666666666666,272,414968.0,33748
OS08cf55dc20762939b05bfb19e69698ed,2023-10-24,2023-10-24,14.333333333333332,252,414204.0,28640
OS68e4bf5a3774f3fdbd9a80aa833c6b18,2022-12-16,2022-12-20,109.61666666666666,272,729706.0,33748
OS47bff2fd2a541f6db8e39a6703cf81ce,2023-11-29,2023-12-02,95.0,252,414735.0,30699
OS7983c32efb078fe16e610e307fcf449f,2024-02-22,2024-02-23,39.25388888888889,252,415070.0,41401
OS9cb0db8dcbe548b16171c4a40627da48,2023-04-24,2023-04-25,33.0,252,414300.0,41378
OS2d163922052a2782901cf7d05f80699c,2022-09-27,2022-09-28,34.5,252,414204.0,28640
OS72e65e879d3df1421aff0369c1dcfac4,2024-05-16,2024-05-20,112.73138888888889,273,1725830.0,30685
OS0f54c040bf61da29535c67dd436e29a2,2023-11-22,2023-11-28,155.1833333333333,252,414540.0,26814
OS006f780ac69b6cb2239555d3ba61d1c4,2024-11-18,2024-11-24,164.9725,252,1730758.0,28640
OS1579bbfd417db7791e4306bd36a0676c,2024-07-26,2024-08-08,330.45,252,414435.0,26817
OS26d02c7637f450dd5ea0410ed8ef7c73,2023-11-01,2023-11-08,190.96666666666664,252,414204.0,28640
OS2126335d5935f70e05c6d6e7a7023086,2024-06-17,2024-06-17,19.952777777777776,252,1726133.0,28640
OS00f06f1a653c9cb1e0204dec6d23a290,2024-07-12,2024-07-25,329.5538888888889,252,728956.0,29200
OSd4b74542c319af49fa86b3ff7c04cdcb,2022-11-29,2022-12-02,88.2336111111111,252,1904475.0,26814
OS9399dfbe1581c62cb4dac8ad845936f1,2024-08-09,2024-08-12,89.1863888888889,252,414122.0,41401
OS2683c779ce28afc609979af9eccd2050,2022-06-13,2022-06-22,230.75,252,414833.0,28640
OS7c915f72c336c50d02e8554232d7b914,2023-11-17,2023-11-17,13.25,273,1965471.0,27708
OS7fb9eb651c0643da1c5d816684c7f62a,2024-01-10,2024-01-16,159.8,252,414239.0,41401
OSfd470d56d3d31782b2b086f49362812a,2022-11-25,2022-11-26,35.18333333333333,252,414239.0,28640
OSd4b2fa224f5466a33bc1e0c4f964f875,2024-02-17,2024-02-19,56.305,252,414413.0,26820
OS9f1574f72c28458fd798d4bb041eed25,2023-02-03,2023-02-04,40.416666666666664,252,414413.0,28640
OS4c160c504aaa6e92031b6a00c7f77ffb,2022-10-10,2022-10-10,15.0,252,415179.0,28640
OS718a6aabb03b303221878aefb87e3a41,2022-03-02,2022-03-25,561.5,272,1729657.0,33748
OS24ede98916481c734a600d482c2e795d,2023-09-26,2023-09-26,22.0,252,414968.0,28640
OS577aee66eaad8a88d990f9034f0c96b2,2023-03-11,2023-03-13,59.666666666666664,252,414204.0,28640
OS7a6ec2e18231e3fb1c57f7ec392e9ec8,2023-10-18,2023-10-19,33.5,273,1723575.0,27708
OS71626d3e435b4df1bf34971746f64480,2024-10-25,2024-10-28,86.98777777777778,273,1725828.0,27709
OS7feecc09083a022c3d984147b4341697,2022-10-14,2022-10-15,34.5,252,632065.0,28640
OS141dfc2740a733df807d5c87cccac236,2022-12-16,2022-12-19,81.5,273,1725840.0,28644
OS6161bc8d6f01c53c445ad23d1e48492c,2024-05-28,2024-06-05,201.81861111111112,252,415179.0,28640
OSeb4d09cac1dd0f6a17ba2d40d25783ea,2023-01-24,2023-01-24,16.333333333333332,252,415168.0,41390
OSe08e7673e9dde4ba01ffe80a5494af42,2024-11-25,2024-11-26,41.250833333333325,252,414968.0,26816
OS8bcc49301d29f2397819d714c123bf06,2022-02-11,2022-02-15,108.5,252,414736.0,28640
OSb81104b594ee367311d9c918192d5e77,2022-08-29,2022-08-30,34.5,252,414239.0,26823
OSda4c5f964acc41c606832788127271df,2022-10-05,2022-10-05,15.483333333333333,272,415193.0,33748
OS001b4a7257f1d7ce6452e801568fe0ee,2024-10-01,2024-10-17,404.9480555555556,252,414968.0,41381
OS4fde5caee750997c9525e42e7a0d2460,2023-05-30,2023-06-08,227.0,252,415158.0,28640
OSec00e6607047150f88b22b89f4463605,2023-09-22,2023-09-27,143.31666666666666,252,414377.0,28640
OS0f822dcec249c0de2ccf7ddb2c942fa5,2024-06-12,2024-06-18,153.89555555555555,252,644515.0,41389
OSae67d4ad16665f70b9cc1feb0aeb4dda,2023-10-05,2023-10-24,465.0,252,415179.0,26830
OS487c38b0106a8077ea1ae47f680fd28c,2022-10-03,2022-10-04,41.0,252,414968.0,28638
OSdfa254f7ce339f4133077eaa1ea1154f,2024-03-07,2024-03-08,35.48638888888889,252,414279.0,28649
OS68a5f2da9fcfe7156d799e44b6d97111,2024-06-14,2024-06-17,88.98055555555555,252,414968.0,28640
OSaecc52dc5069bd7a138625778c9fff78,2023-04-12,2023-04-13,36.0,252,415179.0,28640
OS08534835749feffd85553c355a3e690c,2024-09-05,2024-09-06,35.25944444444444,273,1725841.0,28644
OS2192bf2c775c74703ac1e3bae2d0b732,2024-12-11,2024-12-16,139.065,252,1902000.0,26843
OS74a9fbd924bb021f604c19bc21e2350c,2023-11-07,2023-11-08,40.257777777777775,273,1724918.0,27708
OS183b83ec245bfbc8f2fb122bd158b23a,2024-02-19,2024-02-22,84.0,252,415087.0,26842
OScd53b3274dd0aac959a354f8c60f1a3c,2022-02-03,2022-02-03,17.5,273,413852.0,26853
OS7bb8c59301f5bb859726b59d418bccb4,2022-12-07,2022-12-08,35.18333333333333,252,1902000.0,27708
OS95e2d1eca27212a27c0fac84d9d14874,2024-09-06,2024-09-09,84.19222222222223,252,2100712.0,26852
OS2561bb2a2030c34ae8f8ada9a6dc6c82,2022-06-17,2022-06-20,88.0,252,415179.0,26843
OS71e5d94f401ff9988cede1be5a3163b8,2023-10-05,2023-10-06,40.0,252,414204.0,26814
OS17170e11ef02a2f5692f02ba59bc6c35,2022-04-07,2022-04-08,39.45,272,414968.0,33748
OS9bda768c34104b5c6795fb0361e77816,2023-06-02,2023-06-02,17.083333333333332,252,415179.0,26816
OS6570f6abd2b91174b248cffa327a1766,2022-02-10,2022-02-11,33.83333333333333,252,415070.0,26858
OSc3299d349a3b33b9b5396a7583e056fc,2023-10-19,2023-10-20,32.08333333333333,252,414204.0,26859
OS14a468e6d347506ef76232ed3a2c2fae,2023-07-14,2023-07-15,41.25,252,612838.0,28640
OSf54d8890d37ce992e7e7f84b9b01a8a2,2023-05-15,2023-05-15,22.0,252,1904104.0,41387
OSe0bde7d80861ac6c91b7353f97cb12f7,2024-01-22,2024-01-23,39.48305555555556,252,414204.0,28640
OS18331112a95cbfcacd31c829fd37cee8,2022-10-07,2022-10-08,42.75,252,414257.0,26844
OS71954b501e7b9a7eee694cdc95725253,2024-01-09,2024-01-13,110.47888888888887,273,1901363.0,26823
OS119ccbeeed7083348f34f0004cdeb4ad,2023-04-10,2023-04-11,37.290833333333325,252,414936.0,28640
OSa63b7a5ec445b5fc2b2fdd5d84e3dc34,2023-11-09,2023-11-10,34.0,252,415070.0,28640
OScc4899352609bc80522a7c9841e1ab8c,2024-03-05,2024-03-05,15.746388888888887,272,1756520.0,33748
OS18773ea9f418e52e53ea723903b2519c,2024-10-09,2024-10-11,69.53,252,415087.0,41378
OS1d1bd1687c30a1d99b4df7f0adaae563,2022-03-15,2022-03-15,18.0,252,414677.0,28640
OSf21137e1e5ae7f98c4f0acf5111a41fa,2023-08-29,2023-09-03,134.83333333333331,252,415090.0,41401
OS29eff2dbfcc60905764aadd93f6cf83b,2023-08-22,2023-08-23,41.21111111111111,252,414279.0,28640
OS91dee36ccdcd0ac88bd31a1eec598df5,2024-12-14,2025-01-06,560.5075,252,415070.0,28640
OSe66dd9e87ab8aac480da002ef60c994f,2022-03-17,2022-03-22,130.46666666666667,252,414968.0,28640
OS9ad21e277d92558b66d562a0d6bb38c6,2024-06-14,2024-06-25,277.6066666666666,252,414968.0,26843
OS26afcd003a047a2cb983f2073f879f21,2022-08-04,2022-08-05,38.0,252,1855624.0,28640
OSd7a83c85a94e5b25d8a9e9d1c32561af,2022-01-18,2022-01-19,34.33333333333333,252,415179.0,28638
OS113d25474935c631472a3ffee362fdfc,2022-05-31,2022-06-01,34.666666666666664,252,414204.0,28640
OS269461761d2446dbb826b557976e3cbb,2022-04-27,2022-05-03,155.0,252,414239.0,28640
OS01cba66613cc64870d1fdc25bf15e6fc,2022-08-26,2022-08-29,89.0,273,1723575.0,27708
OSc4a4e1b57eb4ad404a104e0664e0d2d8,2024-07-23,2024-07-29,153.43722222222223,273,1725828.0,33746
OS000f0aa6d71abd0deb360c58e1fa40c0,2024-09-09,2024-09-12,86.16694444444445,272,1756528.0,33748
OS8696edcb8ac4231d6c0dbb59f5ca455f,2023-01-24,2023-01-24,14.65,272,1756541.0,33748
OS5407904e7c12a7c1a8b25d55be7de285,2024-05-15,2024-05-31,395.2383333333333,273,749591.0,27708
OS3a5462f423608305a75ed6e4174ace94,2024-09-02,2024-09-04,56.522777777777776,252,414204.0,30699
OS0b4c0f2b20b49124b6036f27ed0b0c13,2024-12-30,2025-01-02,88.87555555555555,252,2141012.0,26852
OSf98e1bf8a491409e780d2e3bebb245df,2024-05-02,2024-05-27,613.9747222222222,252,414663.0,28640
OS6b557345590e5b938eecd0610424a028,2024-08-26,2024-08-30,108.92333333333332,273,1722231.0,26852
OS1006fc4e015fbd8e94cf3e6f6ceb4271,2023-09-19,2023-09-19,16.833333333333332,272,1725846.0,33748
OS5487ac8f26cdf11462bc053387c28ffc,2023-09-19,2023-09-20,37.5,252,415070.0,26843
OS5236b46e32f584f6cc783124cad9cf9a,2022-07-18,2022-07-18,15.616666666666665,272,415070.0,33748
OS7835619d9fdbec626daf7e0bb79e9779,2024-06-10,2024-06-18,209.01833333333332,252,415179.0,28640
OS956c0429a49597ec88c50d19c0c99342,2024-04-10,2024-04-11,47.97138888888889,252,415158.0,28640
OS40a929b3109799683f30393762fce092,2023-12-27,2023-12-27,15.633333333333333,272,729706.0,33748
OSc93be821f2a094a1c52f04ffb3c863af,2023-01-10,2023-01-11,33.0,252,414720.0,26843
OSb088142b5acbe6583ede84c92eb3118e,2024-11-12,2024-11-20,200.64722222222224,273,2098850.0,27708
OS8015705985a045fef6191ed134a3d327,2022-11-21,2022-11-21,11.366666666666665,272,415193.0,33748
OS013d1a575b7a952a899a6e54ff6df4a6,2023-07-12,2023-07-13,38.5,252,414204.0,28640
OSa91f21fb096daeab3cd06e1c0ed064f5,2022-01-13,2022-01-13,15.5,273,749590.0,26852
OS25cb19540faee0b968c8e8882f3556cd,2022-10-04,2022-10-05,35.18333333333333,252,414204.0,26816
OSab93db8e8824cdc7269b93fc0e6d75a6,2023-03-23,2023-03-24,34.166666666666664,252,415070.0,26814
OS101781a88e0524d3a2c5078e4fd4fc91,2024-01-10,2024-01-17,184.64166666666665,272,1756541.0,33748
OS2d531f2742ff6f9c15dd5ef1a0df4f67,2022-03-24,2022-03-27,85.91666666666666,252,414165.0,28640
OSbc496883c3ee1da54df89ef5ec346705,2023-04-10,2023-04-11,35.43055555555556,252,414204.0,28640
OS17c69502e77456ea2c17c6f2a06da687,2024-08-16,2024-08-19,88.56055555555555,273,413799.0,27708
OSd891fe21fdbdebd005c255d642db7a65,2022-05-03,2022-05-04,35.5,252,414204.0,26858
OS1290f1877f7d3323d2cb0c5018acc2ce,2022-03-16,2022-03-17,33.5,252,614096.0,28640
OS33f95fda6d871ece7ae2eb763ba6a85a,2022-08-22,2022-08-23,24.0,252,414968.0,28640
OSddcb6dc81ede89c3643e767bc5a4b6fd,2023-10-09,2023-10-11,57.166666666666664,252,414968.0,26816
OS4335ac4226dba34a722104e8dede5c5f,2022-07-25,2022-07-26,35.0,252,414833.0,28640
OS0e8f40563f684085254108cf64dbe647,2023-09-08,2023-10-13,856.3333333333333,273,1728798.0,27709
OSc4fd889fe36637623c3a68a1d841e1f6,2024-08-27,2024-09-03,180.6,252,415179.0,26853
OS500dad470392d7153d939eeac726ec06,2022-05-13,2022-05-14,34.46666666666666,252,415164.0,41391
OS2c2b7ebe4054a47aa2be52e8a12c21e1,2024-02-24,2024-02-27,92.65861111111111,252,414204.0,26843
OSdb9b23db9a9a81de2c9d4042d51ea633,2022-07-26,2022-08-10,370.33333333333326,272,1725842.0,33748
OS4b01e67e79b1999cb3192bc93ce09bb9,2024-04-26,2024-04-30,107.62,273,2099433.0,27708
OS21a2ffd3852aedd3fab569ae51c98a4b,2022-12-15,2022-12-16,38.666666666666664,252,414110.0,28640
OS6007e5c9614ed112d8b488edef686b8d,2024-08-14,2024-08-16,59.77944444444445,273,1725841.0,26843
OS796950cc46b2b103332322aec8214dfa,2022-12-09,2022-12-10,34.166666666666664,252,414204.0,26814
OScbbf6d00d4b666de1e9459aa70126f38,2022-01-04,2022-01-04,20.583333333333332,252,414968.0,28640
OS3daad387cf0ca15f7f95fbcd3387930e,2023-10-27,2023-10-30,83.16666666666666,252,414204.0,28640
OS4cf232604e2b45b9cefd81a049105acb,2024-12-16,2024-12-16,16.116111111111113,252,414833.0,26858
OS370bf2275d787c6ff884d977744035ee,2024-11-27,2024-11-27,12.776111111111112,273,2138252.0,27708
OScffe3818bf4929bd296d528867cc257f,2022-02-07,2022-02-08,32.5,252,414729.0,28640
OSd7a7d1236af73f67b20611410825e723,2022-06-06,2022-06-07,34.5,252,415158.0,28640
OS7ead0d7db4c6984a34237d577b5632e8,2024-07-26,2024-07-30,108.70444444444443,252,2100712.0,26851
OSb93061efbb48ed90e274927218f46264,2022-03-02,2022-03-04,70.5,252,414099.0,26821
OS7573ab1ae9295b999267715bca8b9e6d,2024-01-19,2024-01-22,89.95,252,414833.0,28640
OS6abcd78a1ed1643c165ff016e71e2bee,2023-11-16,2023-11-17,38.5,252,414268.0,28640
OS0bc9336c566eacd43355d716efaa676b,2024-07-09,2024-07-10,43.99444444444445,252,414204.0,28640
OS7cddcf2502888ee86793a84b8a629952,2023-01-23,2023-01-24,35.005833333333335,252,414394.0,26816
OSb85bc2d007ac805d6976feeb68073b03,2022-05-24,2022-05-25,34.666666666666664,252,414204.0,28640
OS093863c25a950016500081c1aefcc4bd,2024-02-22,2024-02-23,39.69027777777777,252,414783.0,28637
OS23ab53c7a6205841135c412a3dc560d7,2022-10-25,2022-10-25,11.7,272,1725846.0,26853
OS021bbae1b39deecd3e39e0277701679b,2024-08-05,2024-08-09,106.12611111111111,273,1725828.0,27708
OSc450cd92a30daa25a5f32ada25ec0216,2023-12-01,2023-12-07,160.5,252,975734.0,28640
OSfae53615c215189592f8e3e43c0e74e0,2023-05-30,2023-05-31,43.0,252,414204.0,28640
OS3282d81bafca32615b41661f7fc98977,2022-01-14,2022-01-18,107.0,252,415090.0,28640
OSb8c333bcf35f11d2749151980488b651,2022-08-02,2022-08-03,34.0,252,414204.0,41386
OSde22b62c2f4595a7ef88cce36300126c,2024-07-15,2024-07-23,200.95444444444445,272,1756542.0,33748
OS11dbff0b35bcdc17a1a5124cb9929b7a,2023-11-14,2023-11-14,12.583333333333332,272,415193.0,33748
OSc122cb53609d507348564a831fc1d67a,2024-05-27,2024-05-28,35.498333333333335,272,414844.0,33748
OS3e940c1462adfdc963439172d963d442,2023-09-27,2023-09-28,32.5,252,415070.0,28640
OS3bae8ad40a80f4e24c5dff6c92983fc4,2022-09-05,2022-09-06,37.5,273,750392.0,27708
OSb90a01a900818e5d33232cd8b5db5338,2023-11-27,2023-11-28,40.83333333333333,273,1959028.0,26848
OScb436f648d1836ae57ff37d788fb0483,2023-01-05,2023-01-06,39.0,252,414204.0,41378
OSdf1c3279871ca93d60c52918c84faeef,2022-04-19,2022-04-20,34.0,273,592539.0,26849
OS520b7160431abd1d3afc24a313f07dcd,2024-03-06,2024-03-14,212.13277777777776,252,415179.0,41382
OS6085dde26eccdb429ad7fc8a038cb55e,2022-09-19,2022-09-19,10.183333333333332,272,1756541.0,33748
OS9bd7a720e322c48b6d817ea0423a760c,2022-02-15,2022-03-09,546.55,252,414077.0,28640
OS928e962e1cd89d36f0c16b6fdb857929,2023-06-02,2023-06-05,81.5,273,1725846.0,33786
OSf3d80586849f65636cfedc64f43d2807,2024-07-19,2024-07-27,201.49666666666664,252,414670.0,28640
OS06bcc3975c9d6460bde66534be13cda3,2023-02-13,2023-02-14,38.08333333333333,252,414204.0,26859
OSf398e67646acef601d578069748e3fbd,2023-07-03,2023-07-04,40.83333333333333,252,414204.0,28640
OS542b6c2e6ed3247841d74b5f0dc452b1,2022-03-08,2022-03-09,37.666666666666664,252,686426.0,26854
OS416bf851cec66f16e0aa8c06d91ee30b,2023-08-02,2023-08-03,36.0,252,415086.0,26814
OS9a16c9030217ca389ba54ec16265f287,2024-05-16,2024-05-17,41.0825,252,414394.0,26843
OS1910a4a2918f4a4a14831c0c55b4c53b,2022-11-03,2022-11-03,12.5075,252,1900563.0,26819
OS6d259a0cbbae72e5b2d289c5f62e7cf2,2022-04-01,2022-04-04,72.0,252,415168.0,28640
OS03da5ad2beb8ee87e97d1db0fb8b8bad,2024-03-20,2024-03-25,137.15,252,415087.0,26814
OSf1d8f6a4e6de51c3c14ad2a24d5831c6,2022-04-22,2022-04-25,86.5,273,592597.0,26829
OSe6f935f49352b547d457af93311a9c2a,2024-06-11,2024-07-08,656.0,273,2138252.0,26814
OSb617d5dfbabbf872bbba93044de02f5e,2024-04-25,2024-04-30,137.02972222222223,273,1725841.0,27708
OS6394b2b500db9e2de0f247345155239f,2022-02-07,2022-02-09,58.98333333333333,272,729706.0,33748
OSba58c40a081de717f7e4bca18ecae10b,2022-04-18,2022-05-19,758.8333333333333,252,414239.0,28640
OS05d7f7fd5dd02907cb53859cdbad6aec,2023-11-29,2023-12-01,62.68333333333333,252,414204.0,26814
OS480edb9db3b5f527a4a18c69f7295fd7,2022-04-28,2022-04-29,40.166666666666664,252,415168.0,28640
OS89ab0e56539a0fed11b5a502e31bacff,2022-04-25,2022-04-26,38.71666666666666,252,414413.0,26842
OS83981644ef3a64961acaa6b1ce4967e6,2022-03-18,2022-03-21,80.01666666666665,252,644574.0,26845
OSfbbd53d8fd52f98fa4e7c2091d896792,2023-07-17,2023-07-24,183.83333333333331,252,414586.0,26841
OSb15c907fb02566d3d877672f181a1bd3,2023-06-28,2023-06-29,24.0,252,414122.0,26843
OS6322c2ce5d8a1b728dc49030dea06d78,2023-11-21,2023-11-22,34.5,252,414204.0,26853
OSaba4e239fc3480c6c069549fb0c120b8,2024-04-15,2024-04-16,38.22555555555556,252,2141012.0,28640
OS3f1cf2e57ea3b2a1b3499bb656032789,2022-09-08,2022-09-09,40.5,273,592597.0,27708
OSd7d2f99716a2e7b4218ccc02db1a4a34,2022-07-13,2022-07-14,34.5,252,632065.0,28640
OS3c4deda50537ed725e9772977536579c,2022-01-17,2022-01-21,108.0,252,414883.0,28640
OSe848db029b3ab46a42742323b32a38cb,2024-02-17,2024-02-20,83.87472222222222,273,592597.0,26851
OS6e6ae03b16482082be454fc5ae6c00ac,2024-01-15,2024-01-15,17.815277777777776,252,414204.0,28640
OSca2183b55dc7dce14f031b464c8eb5ea,2022-07-08,2022-07-16,201.0,252,414968.0,28640
OS8071b6baaecdc71b85829bcb05746896,2023-04-18,2023-04-18,18.75,273,1728874.0,27708
OS02d2fcce8576bf7bccac4928e0327578,2023-07-14,2023-07-17,80.5,252,414204.0,28640
OS9c1f9cc50dcbd8dcd68aa6a174648540,2023-09-28,2023-09-29,36.0,252,415179.0,28640
OS266f77ee20faf05206f1fe608eee150e,2023-06-30,2023-07-03,87.0,252,414204.0,28640
OS166e6f09af64b9865cd128648e2d4216,2023-01-27,2023-02-01,130.0,252,414377.0,39345
OSb122f7f838853bf33629a854fe96a22b,2023-11-08,2023-11-13,136.06666666666666,273,1725841.0,27708
OS009a04e670e8c9818486bb53647c77f4,2022-04-12,2022-04-13,33.75,252,415168.0,28640
OSf3f52b539234555620e4631eb2463daa,2024-07-03,2024-07-05,58.51222222222222,252,414204.0,26842
OSaac690822cd6ed42234ab6b7cd4e7708,2023-05-22,2023-05-24,59.0,252,414204.0,26861
OSf9f993f5cc5010c5b4676aeaf9dd91c3,2023-10-05,2023-10-06,35.0,252,415070.0,28640
OS4391aaee1e2bf4eb9b74f0aee828d7c1,2022-07-20,2022-07-21,34.5,252,414122.0,28640
OS59f90ae301b0ba570dd9b49d98bd506f,2024-02-29,2024-02-29,13.951666666666666,252,632065.0,28640
OS9856199cd5e8007c43935a49c6735e41,2024-10-04,2024-10-09,131.03916666666666,273,1723575.0,27708
OSe40cebb4a168cbb264df6e3d50c79ffd,2022-11-30,2022-12-01,34.5,252,414944.0,28645
OS769db6caf68664751eaee7f5fa678eaf,2023-07-26,2023-07-27,34.0,252,414204.0,28640
OS60f9a030c707cc98b658137526408f99,2022-11-23,2022-11-24,35.18333333333333,252,414204.0,26819
OS15a372ff0b1c08d600c327b5c6de0353,2022-05-31,2022-06-01,34.166666666666664,252,414204.0,26842
OS44d13cb9e0c78341817369969aa979e4,2022-07-18,2022-07-19,34.5,252,415070.0,26843
OS1b07e5036a4ff15829192f51b538b598,2024-05-27,2024-05-28,33.75694444444444,252,414968.0,26848
OS5d3deccadb2c9f418ab00acacff41865,2023-12-27,2024-01-18,537.4466666666666,273,2100094.0,26823
OS675be745b2734101c34f88016245ea73,2024-04-12,2024-04-17,128.9286111111111,273,756797.0,27708
OSe111d919d837bdd30c66067b6d9b1d31,2023-02-08,2023-02-10,48.0,252,414677.0,28640
OSb505816937dd6cf55680fb3ddcf0d0dd,2024-10-25,2024-11-05,279.03666666666663,252,414759.0,28640
OS83eaa2d26e5dfa7f3bcf9912d356e393,2023-09-27,2023-09-28,38.25,252,414239.0,26858
OS2d4e67d9263167228e2e853ff4e75959,2023-02-15,2023-02-21,153.5,273,756470.0,27709
OSaf981cd365ce63417c9fb26518c6cd54,2024-03-12,2024-03-13,34.99777777777778,252,414204.0,26852
OS4d78de49f4771d999c9cc572b1a32c41,2022-07-18,2022-07-19,34.5,252,414486.0,28640
OS0db5ac4b09789c0e59b8a49a7a099c3c,2022-10-27,2022-10-28,35.18333333333333,252,414204.0,26858
OS73c56622b2143072b73479becc1460c6,2024-08-19,2024-08-28,226.28055555555557,252,414204.0,28640
OSc39dea61ed409aeeeab09491bc1e821d,2024-04-19,2024-04-20,36.57527777777778,252,414968.0,28640
OSa799fbaa9be85d505954dc5830c07ae4,2022-09-10,2022-09-11,35.18333333333333,252,415060.0,28640
OS3c0ce693f67be184e1f8d72949a1a5a3,2024-01-23,2024-01-25,64.05,252,415070.0,28640
OSce28bbb65fd0f58acd73d99a0ba94f9b,2023-01-23,2023-01-23,14.333333333333332,252,414336.0,26830
OS2462c390f66c81e408de9bebaf5338b7,2022-03-07,2022-03-08,38.0,252,414377.0,28640
OSfe7017b802fb1eb4bf04046f25a1ced4,2023-11-07,2023-11-08,33.5,252,414204.0,40526
OS78219f2cf2a6b5404bf788c001d4c132,2024-02-20,2024-02-21,36.59722222222222,252,414968.0,26845
OSa74171672ff32060b55045e6abaadb02,2022-10-18,2022-10-18,13.833333333333332,252,414968.0,28640
OS94c8aacddd230984a164adcd98b6a55e,2023-09-19,2023-09-20,35.416666666666664,252,414888.0,26821
OS1355b1d45e86843dde5d942b07a82689,2023-04-27,2023-05-04,185.0,252,414413.0,26814
OS5b3f4d17d30977b8c4488f17d3c9b993,2023-07-26,2023-07-28,58.0,252,728973.0,41394
OS9cf235b2a0ab9c5319f3bd4dd682b952,2024-09-10,2024-09-23,323.41305555555556,272,1756541.0,33748
OS6cce5a668589a071e4cb562cf63e3b31,2023-01-23,2023-01-24,35.0,252,414833.0,28640
OSf34807d667925312cc4e29078ca57833,2024-04-19,2024-04-19,13.576388888888888,273,2138252.0,26821
OSa8725ec7c2d2b50dfdd784d93b1e65d0,2022-12-16,2022-12-16,14.883333333333333,272,414419.0,33748
OS09bc87e07ba7582b3b6a5f96cc6f5b9b,2023-12-19,2023-12-20,35.0,252,414204.0,28640
OS149c003a7294b6cd5cf1a4568d5c5b01,2024-11-06,2024-11-08,61.31166666666667,273,1725828.0,27708
OS0f663d911f39a4867ebb2ec23ae147ff,2024-02-26,2024-02-28,58.58055555555556,252,719865.0,41401
OSe547590e94adde2d84b163e7715b98e8,2022-01-16,2022-01-17,34.5,252,415179.0,26825
OS05eb6b7d6d4b60ab4d33d9a1a53dac8b,2023-08-01,2023-08-02,39.0,252,415070.0,26821
OSe72f03c2e4170996435bd3d7abe25541,2022-10-28,2022-10-29,35.18333333333333,252,660908.0,27261
OSb3d67dba03cfbd5659e41aa13c93bba2,2022-01-26,2022-01-27,37.58333333333333,252,414968.0,26842
OS48752ce9bc81cbacb3c943eaab0eb7ab,2024-07-19,2024-07-23,113.37194444444444,252,415090.0,26820
OS48a6b13e36b6b50f842565c98782a8f7,2024-08-23,2024-08-29,161.17305555555555,252,2160131.0,26859
OS3981c45a63cd7691e35b28c4bdd865c0,2023-11-27,2023-11-28,39.75,252,415179.0,26853
OS9f54060194d2d10a50d9b7997ef8623f,2024-10-03,2024-10-07,113.77666666666666,273,1725846.0,27708
OS1fefeca3da3c26bdfb5681bf7f377a61,2022-06-17,2022-06-18,34.5,252,617284.0,26823
OSb6937f4805f6166f5239cd42bcd357a8,2022-10-11,2022-10-13,57.5,273,1725845.0,41381
OS6d7cf637119703878f2ee9e11742708b,2024-06-11,2024-06-27,396.16666666666663,252,414239.0,30693
OS752789df4f2021db7666ea6890443230,2024-08-23,2024-08-30,184.73361111111112,252,414670.0,26830
OS1ee6a78620c13f519880f1fb77698b2e,2022-08-30,2022-08-31,24.0,252,414204.0,41401
OS7465ee72b32d85dba1b38eed83ac0495,2024-08-12,2024-08-12,18.335833333333333,252,414968.0,26858
OS9783d914dadad858e9c1b71b94d89972,2022-12-09,2022-12-14,130.5,252,415070.0,26819
OS8a320523d357ac9acc49148eb3777d6c,2024-05-09,2024-05-18,223.77527777777777,252,414204.0,28640
OS4800b82c956944d3ed7f61f94ae276f2,2023-01-27,2023-02-28,776.3333333333333,252,414888.0,26859
OS78463c81f89dacc4d8b7c13bd94f9cd3,2022-09-27,2022-09-28,35.0,252,415086.0,28640
OS0ff7acd1336db55c50e2f4bed98857f8,2024-10-31,2024-11-08,201.40833333333333,252,414765.0,26858
OS1414862294487031937ecc405f69127f,2023-12-01,2023-12-04,88.0,252,414204.0,28640
OSa6ac2bddbd9bd482d20d1b918cf39698,2023-09-05,2023-09-05,8.566666666666666,272,729706.0,33748
OSda5306ec6eff162f9fed1a05199de438,2023-06-27,2023-06-28,41.0,273,592597.0,27708
OSc7015e9d5862b2890b8ed20d9ad57e2c,2024-02-14,2024-02-19,129.0,273,1965471.0,28640
OS32608acd6d20a11759b146b18b7cc0c7,2022-10-17,2022-10-19,57.416666666666664,252,414833.0,28640
OS7c40c3e84ed7f2d02fca4f902f813537,2023-03-01,2023-03-03,62.5,252,415179.0,26858
OS40d40d1812ffc70688bc875e87eb93e7,2024-09-26,2024-09-30,113.47027777777777,252,415087.0,26858
OS9db32eca8c64e93f17c1822effa240f5,2022-11-22,2022-11-23,34.5,252,414204.0,26848
OS71845dc3971cdbdf8d2bfda01d89028b,2023-01-17,2023-01-19,59.0,252,415179.0,28640
OSbbb40f80a88d88873935604ea3166a6f,2023-02-06,2023-02-07,38.5,252,414786.0,28637
OS116f4dfaa45e3f66edbd59752208b9ec,2024-11-21,2024-11-21,17.045555555555556,252,632065.0,41401
OS15e2d78270abdfd5f02ef43d9ad7987d,2024-05-14,2024-05-16,60.65361111111111,252,414257.0,28640
OS948342b8965152ef01f5f8ea665111a6,2024-03-21,2024-03-25,106.83472222222223,273,414968.0,30685
OS844ff306c84fa4fbec3d6a681e65eedf,2023-11-30,2023-12-01,33.5,252,414968.0,28640
OS4943985ec43e99eb07c8eaf461f53a98,2023-06-15,2023-06-16,32.83333333333333,252,632065.0,28640
OSdd73f2c8a0202b4b772e73769ae68bd3,2023-02-04,2023-02-05,39.666666666666664,252,716372.0,28640
OSdb2c60c3ed9a50a9164b635e9b1abe43,2022-04-12,2022-04-22,255.5,252,415179.0,41386
OS6cd08001686d263d69aa7a87200c97e8,2024-03-23,2024-03-26,92.87555555555555,252,414204.0,26852
OSe66f22356263d8f941b7ab19f43f9e46,2024-01-08,2024-01-08,11.935833333333331,272,414650.0,33748
OS33b8cacfd98c08c8e5c3458621842958,2022-08-29,2022-08-30,31.5,272,1756526.0,33748
OS8f841a87733e447eb86b3ec0e6f35dd9,2024-10-25,2024-11-26,783.925,252,1725828.0,33715
OS0fc5dc280fa3f6f53bff0bff387c0221,2023-06-29,2023-06-30,38.166666666666664,252,414239.0,28640
OSf7c4eff524be884c918e9b12bd510887,2022-04-29,2022-05-03,107.33333333333331,252,414204.0,28640
OSfe369475453c81a56fd067b40e50db0a,2024-05-07,2024-06-10,824.8055555555555,252,414968.0,28640
OScee746ab72d5e2b6dc0a08f863dbe0f2,2024-04-19,2024-04-23,109.58083333333332,252,415070.0,28640
OS71fddf17af159aa9c00baf8bbc41e6e8,2023-01-17,2023-01-19,59.553888888888885,252,415070.0,41386
OS082798ca93fa03e8e4d085a763083a59,2024-10-08,2024-10-17,227.82638888888889,252,632065.0,41401
OS45001200178db4619129fe355b3fb5f7,2024-06-21,2024-06-22,38.26444444444445,252,2100712.0,28640
OSa384c6ed6e4aca0409298c4f4e14b247,2024-11-29,2024-12-02,82.73777777777778,252,414239.0,30693
OSaf2432a2c5ad6d3517cf7b9a7a16484d,2024-07-01,2024-07-03,66.7575,252,414968.0,26858
OS62935dfb919e0a4d7fa04dd3fb150825,2024-06-04,2024-06-09,131.41416666666666,252,414968.0,28640
OS3169b7743f2a94290dd55f299340e820,2022-10-07,2022-10-07,18.166666666666664,273,414034.0,27708
OSda1f80e187177953d7eb613cda1e5971,2023-03-24,2023-03-27,86.33333333333333,252,414204.0,28640
OSad949c68844995ea989362889860fa31,2024-09-16,2024-09-17,40.49111111111111,252,414968.0,41391
OScf2a8280346897b8db83421387aa1159,2024-05-20,2024-05-24,112.58194444444445,252,414204.0,28640
OS606473dff03d117938af626dce53a1da,2022-08-29,2022-08-29,13.666666666666666,252,414735.0,28640
OSbcf7bb2e3192e9ddee745e8d69b5fe04,2023-02-15,2023-02-15,20.0,252,414800.0,28640
OSc880609774abf3ad150253e5d20ba5f2,2024-11-18,2024-11-19,41.44,252,415070.0,28640
OSc2ae816beb5fd09c7aff00c2c8b70c86,2022-12-27,2022-12-27,21.0,252,414204.0,26845
OS85b9fdc1be8c9c04ac84192721ad27a2,2023-06-28,2023-06-28,18.0,252,415168.0,26814
OS64f15a49ba3cac988493d6cc39aad50a,2024-11-11,2024-11-14,84.38333333333333,252,414968.0,26819
OSaf4931217d6810789fabf70f429ed729,2024-02-06,2024-02-08,62.53888888888889,252,414204.0,41386
OS2bb72cfa31083a3ae34252ff9d97079c,2023-07-03,2023-07-05,58.666666666666664,273,1725841.0,27708
OSccd65aff14a5c9e8945245293711be51,2023-06-19,2023-06-19,16.6,272,414547.0,33748
OS4fbdc5ed45da840df3310e7405c6690d,2024-05-20,2024-06-06,425.3394444444445,252,414204.0,28640
OSd259348ea47f8de019263628184d3922,2024-03-02,2024-03-13,278.62055555555554,273,588590.0,27708
OS0efd5734c3bf38b77e5eb42eb2004bb0,2024-07-29,2024-08-02,107.58555555555556,252,414165.0,26845
OS4a12c1abd13cf297ffd531ec39c0f22e,2023-01-03,2023-01-03,11.216666666666667,272,1756541.0,33748
OSc6278568a828c47d4de6c82dfa4c3d7e,2024-02-20,2024-02-22,62.39222222222222,252,414204.0,28640
OS4649ed719b65c7c66d09aa9f45553007,2024-03-05,2024-03-11,161.62888888888887,273,1725828.0,27708
OS6ed22067e28d6ade2d4b91a520f082dc,2022-05-03,2022-05-03,21.0,252,414968.0,28640
OS96f65ecb4222d0538165285171897af2,2023-05-23,2023-05-24,36.05,252,414279.0,28640
OSca04f8762ae076bb571936de5a62dcb6,2024-01-02,2024-01-06,119.96166666666666,273,1725828.0,26853
OSdbef72b6628cf964888b84138b7a4392,2023-09-05,2023-09-05,19.0,252,414968.0,41396
OS55687ee9a9655ca3882c9a50215062a4,2022-04-11,2022-05-05,591.7333333333332,252,414909.0,28640
OS43dd707667d69c26c95823778d1c29e2,2023-12-28,2023-12-30,59.5,252,414888.0,41401
OS3aadb14651ea1e1b584d85006ce3a3d3,2022-01-10,2022-01-12,57.0,273,1729657.0,26814
OSd574a31aa5ceae95de7dd508bd3b6b45,2023-08-11,2023-09-01,515.0,252,414204.0,28640
OS7613c514d8fe42ec33385a3322abc8a3,2022-08-17,2022-08-22,135.1172222222222,252,414204.0,41386
OScc7a15d97e0af862aa281e7e7e8e4d75,2023-10-17,2023-10-18,38.0,252,414204.0,28640
OS790a998df4d006733a20d5da6344d4ef,2023-12-15,2023-12-20,135.5,252,415070.0,28640
OSd1a9db7ca878237fc6215568e5dacdad,2024-03-01,2024-03-18,425.06666666666666,252,414300.0,28640
OSb7e06ade7656e0325eb335d43459bb5f,2023-08-15,2023-09-26,1019.5,252,1965471.0,28640
OSf026b76e9eb52d74ab33a0f967a8112c,2024-09-13,2024-09-17,109.80222222222223,252,414204.0,26857
OSfefd66219b35e28f3bd8840d621c9d50,2024-10-29,2024-11-21,573.1522222222222,273,1766575.0,26843
OSfa39f5ddbab0b72f7b18f868cda68c01,2024-12-23,2024-12-23,16.853055555555557,252,414968.0,41401
OS13bb1112e41a38a71dd482d4f21c8d26,2023-04-11,2023-04-12,35.18333333333333,252,414204.0,26848
OS0ebe8cfd287b1f3ace795224cb9bf5d8,2024-07-16,2024-08-02,418.93194444444447,252,414239.0,28640
OS314977f6f2550f39396a850b8a46a0f4,2024-11-29,2024-12-10,283.1661111111111,252,414204.0,28640
OS38ce2ead1c58d9ed0e7c8e8208caa641,2022-09-27,2022-10-03,144.0,252,415179.0,28640
OS21b5e58fc143d90c6372e83241bfb249,2024-01-08,2024-01-09,38.94166666666666,252,414204.0,28640
OS9e2aa14f98dfe77e224d93a3f5ecc631,2024-02-01,2024-02-02,44.04611111111111,252,414833.0,28640
OS5234c51caeefa65c1e4221af39c2dadc,2023-10-03,2023-10-03,10.95,272,686426.0,33748
OSca0f37d27f45e2d9b5700b8e19b124dd,2024-01-27,2024-01-31,119.50944444444444,252,414968.0,28640
OS63f9347d7f0896f8d1066d0a35407ed9,2022-11-25,2022-11-28,82.0,252,414486.0,28640
OS671ca042b166c86e87f9c55b58365c25,2022-02-04,2022-02-09,129.83333333333331,273,750391.0,27708
OScdc4bd7880927270dacd3983fc682641,2022-12-12,2022-12-13,34.08333333333333,252,414300.0,41386
OS841ef6fcd08fd0266ca1123ab231d278,2022-11-25,2022-11-26,34.33333333333333,252,414204.0,28640
OS8bca98bce5641ed34fa4639d38805ef5,2024-08-21,2024-08-21,14.621666666666666,252,415060.0,26843
OS11e9cedf7587c39650eaf433700826ff,2022-12-26,2022-12-27,38.0,252,414204.0,28640
OSedf786d50d515d968fb3357dc8e3c2fb,2024-08-16,2024-08-21,137.65416666666667,252,414204.0,28640
OS25dd5890ea0317e8eb2f27ecca0243e2,2022-07-27,2022-07-28,34.5,252,415087.0,40526
OS8e333edc310db4501371d5cc5670d3ac,2022-04-30,2022-05-02,62.0,252,414394.0,26845
OS1b1abe7c0524816d9a3d976a7de31775,2024-06-10,2024-06-12,61.455,252,414239.0,26843
OS5484f6874d51153da8b7420df165b1ce,2024-03-20,2024-03-21,42.14972222222222,273,2086371.0,27708
OS37253784863e7e517d4f1d97eea93f29,2024-12-26,2025-01-07,298.10277777777776,252,415070.0,41401
OSe19e5a4e7098f1c72774b04f56f509f6,2023-12-28,2023-12-29,31.666666666666664,252,414257.0,28640
OSd396622760efc9b8768b44e4c824f436,2024-03-19,2024-03-20,41.19555555555556,252,414204.0,28640
OS260d177021d1d82e4cace989af4029fa,2022-04-01,2022-04-02,34.5,252,751136.0,28640
OSa42c847ea193e8f76387b722ad1b336e,2022-06-23,2022-06-24,36.0,252,414279.0,28640
OS3bd54f683d585c23f18c060494dca9ea,2024-08-05,2024-08-11,161.225,252,414204.0,26843
OSe3a6e18343e79e74b24249a940aaabb4,2023-10-13,2023-10-23,251.83333333333331,252,414204.0,28640
OS909913cfce4b504db13a408e49aa6eb9,2023-04-12,2023-04-13,36.5,252,415193.0,26816
OS7b9c22b2c6cf638474feb20eeb14fd05,2023-03-06,2023-03-08,60.05,252,414507.0,26858
OSdedc4389a8aa7689e0774dea9c1e3f67,2024-03-04,2024-03-15,282.65694444444443,252,414165.0,28640
OS38210d91154b23962e06b102eb05f97a,2024-09-02,2024-09-03,42.63583333333333,252,414204.0,28640
OS7dc0826958bac82a91286b3f317be180,2022-02-12,2022-02-14,63.5,252,415179.0,41401
OS71cc16a671d09a422a6d09f8a20b9e3e,2023-05-23,2023-05-23,12.0,252,414204.0,28640
OSb04e29a1c7c73cfc4001b4a982df144a,2023-06-01,2023-06-02,35.18333333333333,252,414909.0,27261
OSf106e44d782ebb19839b33244782574d,2023-06-26,2023-06-27,33.5,273,1725839.0,27708
OS15e7b55c7356406e5bcd3a53ab4406e5,2023-09-11,2023-09-15,114.16666666666666,252,414215.0,28640
